tweet,user,location,created,likes,sentiment,centroid_lats,centroid_lons
Let my dogs GF in the house this evening.Mishka ate his chicken from supper that was in his https://t.co/pLDK1djTz0â€¦ https://t.co/qfppnbOiKf,sheen_bean13,Nova Scotia,2020-05-26 23:47:59,1,-0.6,44.073,-62.871
"It's 5'oclock somewhere ğŸ¤—ğŸ¤£ğŸ˜ #cheers 
Tea Break â˜•ğŸµğŸ·ğŸ¹ğŸ¸
Happy Tuesday! Sending you all Positive Vibes ğŸ’«â€¦ https://t.co/NbHVRurSD1",multimomtam,"Cerritos, CA",2020-05-26 23:29:44,0,0.5136363636363637,33.867,-118.069
This article is about us. And about our smallness. About the inconstancy of our certainties in the face of an unimaâ€¦ https://t.co/FNtZ6z0dCj,layane_mds,,2020-05-26 23:28:55,0,0.0,,
"Citrus blackberry breeze
.
.
.
.
.
.
.
#yummy #ilovecooking #nomnomnom #instagramfood #food #foodies #foodcelebâ€¦ https://t.co/UAewE6r7oN",JimmyTr31087205,,2020-05-26 23:11:09,1,0.0,,
"I also choose Will Smith's house ğŸ˜…ğŸ 

https://t.co/EjZh6fLF5z

#FunSubstance #Fun2020 #Fun #FunSubstance2020â€¦ https://t.co/XKa4NpuzLR",FunSubstance,World Wide Web,2020-05-26 22:56:29,0,0.3,,
"For more tips and resources: https://t.co/DqaQOm77G7

For parenting resources in 90+ languages:â€¦ https://t.co/uvxipyFjLg",covidprisk,Central New York,2020-05-26 22:51:56,2,0.5,43.18,-75.725
Like today's episode? Read more here! Healthline: How to curb loneliness while the world is in lockdownâ€¦ https://t.co/zEe8Mq4gGe,Plainenglishpod,"Chicago, IL",2020-05-26 22:29:02,0,0.5,41.834,-87.732
Let's Stop Pretending the Swedish Approach to CoVid is a Failure - The R... https://t.co/fYs7US6tLb via @YouTubeâ€¦ https://t.co/fUznUQLnyF,redbudtx,North Texas,2020-05-26 22:02:51,0,-0.3166666666666667,,
Goofy bonito â™¥ï¸ #goofy #disney #drawings #quarentine #habits #loveit https://t.co/qVIID5066v,lesdelpozo,Peru,2020-05-26 21:53:36,1,0.5,-9.244,-75.02
"Day 14: The Green Mile. I ugly cry every time I watch it. ğŸ˜­

#canada #30dayfilmchallenge #filmchallengeâ€¦ https://t.co/QcfwKxz0Qm",MeganNez,"Toronto, Ontario, Canada ğŸ‡¨ğŸ‡¦",2020-05-26 21:41:16,0,-0.44999999999999996,43.718,-79.378
Be sure to take your daily vitamins! (not sponsored) ğŸ¤£ #notsponsored #mens #selfie #bored #vitamins #dailyâ€¦ https://t.co/wIqxCTHHjC,SpicyDiceStudio,,2020-05-26 21:39:03,0,0.0,,
This is a Note to MYSELF and Who ever else needs thisğŸ™‹ğŸ½â€â™€ï¸â€¼ï¸ğŸ˜… GET A GRIP SIS! #UrWelcome #Quarentineâ€¦ https://t.co/13bNXjL454,JoanMonroeMusik,"A Studio in Washington, DC",2020-05-26 21:34:54,0,0.0,,
"Streaming a dwarven past time. https://t.co/HACysJQzJQ
Deep rock galactic! 
ROCK...... AND...... STONE!!!!!â€¦ https://t.co/dRa07IXTxr",KraZerrr1,"London, England",2020-05-26 20:45:56,0,-0.125,51.529,-0.102
ACRYLIC ON LARGE WOOD PANEL #ACRYLIC #WOOD #PAINTING #PAINT #ART #TRIPPY #ABSTRACT #MIXEDMEDIA #POPART #NEWAGEâ€¦ https://t.co/BPcyl0EiS5,gabrielnunez9,"Hollywood, FL",2020-05-26 19:44:59,1,0.21428571428571427,26.04,-80.175
"In the midst of movement and chaos, keep stillness inside of you.
Change is a process, not an event.â€¦ https://t.co/NXd8NhUWQy",AnnieAraci,Chicago,2020-05-26 19:36:16,0,0.0,41.834,-87.732
"Streaming a dwarven past time. https://t.co/HACysJQzJQ
Deep rock galactic! https://t.co/HACysJQzJQ
ROCK...... AND..â€¦ https://t.co/nNYTBW9gk6",KraZerrr1,"London, England",2020-05-26 19:22:39,2,-0.125,51.529,-0.102
All this is simply due to the feeling of uselessness in having â€˜someâ€™ free time now. A fact that before was unthinkâ€¦ https://t.co/ixD2gGmhdM,layane_mds,,2020-05-26 19:19:47,0,0.1375,,
"Streaming a dwarven past time.
Deep rock galactic!
ROCK...... AND...... STONE!!!!! 
#SupportSmallStreams #AMAâ€¦ https://t.co/us6dLdNXZe",KraZerrr1,"London, England",2020-05-26 19:03:14,0,-0.125,51.529,-0.102
#quarentine #Farmhouse desk built. https://t.co/HsKTIiW6J4,joedirt16,Pennsylvania,2020-05-26 18:41:16,0,0.0,41.117,-77.605
"Still Wonder Why I Rap. 11 Reasons..-PacProtÃ©gÃ©
#2PacReincarnated #Frfr #StayPositive #Quarentine #StayHome #Pleaseâ€¦ https://t.co/zfgg21fRLK",ThisIsApalyn,"Detroit, MI",2020-05-26 18:39:52,0,0.0,42.353,-83.099
"QUARANTINED #Abroad IN #Israel

#Aboard #Aborad #Argentina #Brasil #Brazil #Isreal #QUARANTIEDABROADâ€¦ https://t.co/FNPz0IOaJY",laviezine,,2020-05-26 18:22:04,0,0.0,,
"What we thinking? Another 3weeks of arguing with the kettle, or are we heading to the airport for summer2020??â€¦ https://t.co/bRBRlFCAMA",themadchattaa,,2020-05-26 17:24:18,2,0.0,,
Ramona ğŸ–¤ Our #quarentine rescued black babe ğŸ¥°ğŸ¶ #AdoptaNoCompres #RescueIsMyFavouriteBreed https://t.co/8dCAp4KUZN,KarlaRdzAlc,"Monterrey, Nuevo LeÃ³n",2020-05-26 17:21:00,3,-0.16666666666666666,25.649,-100.303
"New kicks! Might go for a walk, might go for a run, might catch em all... 
#TeamMystic #adeline #quarentine #mask https://t.co/uI7lJ2Etxz",JARhealth,Massachusetts USA ,2020-05-26 17:18:24,0,0.13636363636363635,42.037,-71.684
Social distancing can also kill: https://t.co/rFyPrzV6BL @mercatornet #SocialDistancing #COVID19 #coronavirus #quarentine,NCBCenter,"Philadelphia, PA",2020-05-26 17:15:28,0,0.03333333333333333,40.002,-75.118
".@Hannahgadsby's #Douglas is on Netflix. 

I love this in part because I'm an #autism researcher and believe inâ€¦ https://t.co/QNQnfQJSlj",StaceyLBevan,"Philadelphia, PA",2020-05-26 16:45:15,1,0.5,40.002,-75.118
"A #Quarentine joke [not a #COVID ]
Sometimes a new 'culture' of a situation ...
has a light side.

I stepped on myâ€¦ https://t.co/8VBPd410TU",RoseofArlVA,Virginia,2020-05-26 16:27:21,0,0.2681818181818182,38.003,-79.421
"2020 seemed hopeless but (a very limited) sauble season is here and I could not be happier ğŸ”¥ğŸ”¥ğŸ”¥
.
.
.
.
.â€¦ https://t.co/ATJ60NRWNi",daniellesimoni,"Hamilton, Ontario",2020-05-26 16:02:52,0,-0.09285714285714286,43.261,-79.933
"16 MINUTE FITNESS CHALLENGE: Try out this 6 steps workout at home to keep yourself active and fit ğŸ’ª

Comment belowâ€¦ https://t.co/smGR2laEzb",YOSG_UK,"Manchester, UK",2020-05-26 15:59:23,3,0.13333333333333336,53.472,-2.223
Got back to my momâ€™s house for #quarentine from my road trip and the fucking alarm system went off this morning atâ€¦ https://t.co/J8p7ixfev1,KoKoTheBot,,2020-05-26 15:50:14,0,-0.3,,
"Major Fasano and Tomorrowâ€™s Troops

#radius #authorial #comics #superheroes #marvel #marvelcomics #dccomicsâ€¦ https://t.co/NCZL9x5ftK",radius_hero,"MarÃ­lia, Brasil",2020-05-26 15:47:11,0,0.0625,-22.187,-49.959
"#COVID19US #DOTHE5 #quarentine #WorkFromHome #HomeschoolResources #ItsNotOver #FirstWaveStaySafe #NewYorkTough
ğŸŒŠâ€¦ https://t.co/4bAcpDM3iA",Anna_Zombi,New York City ğŸ’ª,2020-05-26 15:22:37,0,0.0,40.697,-73.98
Listen to those GE90â€™s!!!! So realistic!!! Sounds awesome!!! X-Plane 11.... where to next? Currently FNLU to EGLL..â€¦ https://t.co/ptGZ7NLUl5,GazMcIntyre,"Insch, Scotland",2020-05-26 15:17:26,18,0.2916666666666667,57.343,-2.617
"This is the video about Top tiktokers of tamil nadu 
https://t.co/s34QdloCZ1
#wilspat
#corona
#lockdown
#bantiktokâ€¦ https://t.co/aJHVWceJ0s",michael26443663,,2020-05-26 15:13:24,0,0.5,,
"30 mins. Of yoga ğŸ§˜â€â™‚ï¸ just refreshed my mind, body &amp; soul ......
.
.
.
.
Daily #exercise #routine , #healthyfoodâ€¦ https://t.co/LP7SK9Eho0",bharti19721972,,2020-05-26 15:02:44,0,0.0,,
"Delicate and elegant with undeniable uniqueness. 
#halloween #halloweenmakeup #100daysofmakeup #makeupartistâ€¦ https://t.co/andHE7bHVv",karontelunar,Volito Ergo Sum,2020-05-26 14:02:10,1,0.1,,
"It was a good weekend. 
.
.
.
.
.
#quarentineinthesun #quarentine #stevemadden @ Gallatin, Tennessee https://t.co/7HmLvvnlE8",Emm_Milcarek,"Gallatin, TN",2020-05-26 14:01:41,0,0.7,36.382,-86.469
"Home made Panko crusted cod, shaved carrot salad, and cilantro lime rice â™¥ï¸ #latergram #quarentine #dinner #nomâ€¦ https://t.co/Lea7sSspnN",karlaraphail,exploring the world,2020-05-26 13:27:03,0,0.0,,
"""Thank you"" colouring page from Kelsey Montague, the artist who painted that beautiful butterfly in town.â€¦ https://t.co/RbaXzqNtI3",dazedingalway,Ireland,2020-05-26 13:21:57,0,0.85,53.415,-7.956
@GKrrishna Very good heart ğŸ’” broken song plslisten ğŸ‘‚ğŸ§ and support guys #Kollywood #Bollywood #Tollywood #Mollywoodâ€¦ https://t.co/vrxsMTRo3U,donbalaji1,tamilnadu,2020-05-26 12:15:34,0,0.25499999999999995,10.809,78.289
@ShekharTulika There is nothing more beautiful than someone who goes out of their way to make life beautiful for otâ€¦ https://t.co/ekyNZVDHTf,iamtswr,"New Delhi, India",2020-05-26 12:12:30,1,0.7333333333333334,28.527,77.209
"I'm working and eating a lot
#SesiPinhais #Quarentine",veigamorae,,2020-05-26 12:00:44,2,0.0,,
"I'm sleeping and playing everyday
#SesiPinhais #quarentine",ericorno_57,,2020-05-26 11:52:56,0,-0.2,,
I ate too much #SesiPinhais #quarentine,AliceIsabelleG1,,2020-05-26 11:52:12,0,0.2,,
I hate my neighbors  #SesiPinhais #Quarentine,ZattewcomZ,"ParanÃ¡, Brasil",2020-05-26 11:48:34,1,-0.8,-24.617,-51.321
"i'm trying to customize some of my clothes and learning a new language
#SesiPinhais #quarentine",nahtever,â€” slytherin.,2020-05-26 11:46:55,3,0.13636363636363635,,
"i'm watching more movies and series 
#SesiPinhais #quarentine",bella_oww,Brasil,2020-05-26 11:45:27,3,0.5,-14.409,-51.317
"I'm trying new recipes in this #quarentine

#SesiPinhais #EnglishTeacher",patricknatann,Curitiba,2020-05-26 11:43:32,3,0.13636363636363635,-25.496,-49.287
"Is it safe to plan for a baby during the ongoing COVID-19 pandemic?

Click here Â» https://t.co/wMtoBKUmj2

#covid19â€¦ https://t.co/9EW3O3rpLY",icliniq,"Coimbatore, India",2020-05-26 10:55:07,0,0.5,11.012,76.967
Just released my first single off my next album ğŸ™ğŸ¼ go stream now on SoundCloud Listen to YB Paradise (prod.ahnboi)â€¦ https://t.co/o8jbChtuIH,BetesYoung,"Portland, OR",2020-05-26 10:41:11,0,0.05952380952380953,45.543,-122.654
"â€œYou've got to kill the person you were born to be in order to become the person you want to be...â€ -Wilson 
â€¢
ğŸ’œğŸ¦šğŸ¦‹ğŸ—£â€¦ https://t.co/x65F1gQlN7",MarieSiobsbhndy,"North Haven, CT",2020-05-26 10:13:39,0,0.0,41.383,-72.863
"[ COVID-19 quarentine selfie] 
#joseconceptes #vinarÃ²s #creative #creativity #portrait #quarentena #cuarentenaâ€¦ https://t.co/5HFnp1v7Tz",Conceptes,VinarÃ²s,2020-05-26 09:22:32,0,0.5,40.47,0.467
"Office Man...

#job #work #office #homeoffice #home #quarentena #quarentine #pandemia #pandemy #covid19 #covid_19â€¦ https://t.co/JJCX6UGdjC",StelMiranda_,Periferia-VitÃ³ria/ES-Brasil,2020-05-26 07:48:47,0,0.0,-20.282,-40.286
"To be nobody but yourself!

#coronavirus #quarentine #StayHomeStaySafe https://t.co/4C5dtxhkmg",kabirshuklaa,"Mumbai, India",2020-05-26 07:15:37,1,0.0,19.082,72.881
Summer in #quarentine very rare seeing james smiling lol https://t.co/t5nmfHxdob,shazzaquinn,"Billingham, England",2020-05-26 06:56:09,0,0.595,54.602,-1.242
"My Mom: Have you been bored during #quarentine ?
Me: https://t.co/eLvoVg2Cmw",artsyangel11,"Michigan, USA",2020-05-26 06:07:26,0,-0.5,45.001,-86.271
"morning all how is everyone? ğŸ˜ŠğŸ˜Šâ €
what everyone doing today? ğŸ˜ŠğŸ˜Šâ €
#motivstionmorning #earlymornings #quarentine â € https://t.co/1x8GcSkgwh",roseheart1995,"England, United Kingdom",2020-05-26 06:00:13,0,0.0,52.838,-2.328
"Shin Chan (Crayon Shin-chan)

#68 #RogelioRubio
#90drawingsays Â·#Traditional #CrayonShinchan #Shinchan #Pixarâ€¦ https://t.co/DJqXLGUEHz",Rog3lioRubio,,2020-05-26 05:39:34,1,0.0,,
"#Quarentine #insomnia has me awake and in my balcony at all odd hours. Interestingly, it seems like I'm not the onlâ€¦ https://t.co/qfccmnv5ZH",sydneydxb,UAEğŸ‡¦ğŸ‡ª IndiağŸ‡®ğŸ‡³The Worldâœˆï¸ğŸŒ,2020-05-26 05:34:57,7,0.16666666666666669,,
Best buds! #dogslife #cutedogs #lovemydog #bestpets #dogsofinstagram #dogsarefamily #dogsarefamily #dogsâ€¦ https://t.co/of8W00lBDS,JonelleME,Long Beach ,2020-05-26 05:30:36,0,1.0,33.8,-118.156
I just shaved my legs for the first time during this whole #quarentine business....idk if I'm proud or disappointed.,Candace73502036,,2020-05-26 05:08:06,0,0.125,,
Bored! #quarentine https://t.co/b2OxMDeSzW,HenryOutlaw,South west,2020-05-26 04:31:09,2,-0.5,50.989,-3.952
"Realistic painting ""Orion"" by Chrispapita Art depicting what we all want....a hug! 
.
.
.
#beautifulbizarreâ€¦ https://t.co/aQzitxS2K8",BeautifulBzarre,"Sydney, New South Wales",2020-05-26 04:30:05,25,0.16666666666666666,-33.848,150.932
"For the last three months,
I'm learning it's all about whom you care about not the other way around.

#quarentine #friendship #caring",mixkenji,,2020-05-26 04:14:06,1,-0.0625,,
"#90DayFiance

I know one person who is happy about the #Quarentine &amp; #ChinaVirus

I can hear Evelin telling Corey râ€¦ https://t.co/8vgz7wjEvz",LegendaryEgos,"Ohio, USA",2020-05-26 04:07:41,3,0.8,40.363,-82.669
"Turn the ligths on! 
.
.
.
.
#djadrianogoes #quarentine https://t.co/ET4dZ8ogya",DJAdrianoGoes,Brasil,2020-05-26 03:50:36,0,0.0,-14.409,-51.317
"Wich movie, serie and books do you read in this #quarentine?",byjowestrada,,2020-05-26 03:21:01,0,0.0,,
#coronavirus #quarentine #freestyle SIG SICK! Freestyle FACTSğŸ¤”ğŸ’¯ https://t.co/boJnyBXYII via @YouTube,SilenceIsGod1,Philly,2020-05-27 23:48:38,0,-0.7142857142857143,40.002,-75.118
There's a limit #quarentinethoughts #quarentine #pizzarolls #quarenthoughts https://t.co/IfvXfiGDTP,sean_t_kelly2,"Lenexa, KS",2020-05-27 23:07:20,0,0.0,38.954,-94.807
#workinprogress #quarentine #masks...if i have to wear a mask it's certainly going to be unique. https://t.co/XdSA2HB6zc,kittehpsycho,,2020-05-27 23:04:33,0,0.29464285714285715,,
Myself and the girls playing #onlytime by #enya we are delighted to still be able to play some #music together virtâ€¦ https://t.co/8wVOvRoE4D,LauriePower6,,2020-05-27 22:39:48,0,0.6,,
"Well, this was certainly a ""look"" ğŸ¤­

#mustache #bigodinfinin #quarentine  #justdontcare # em Quarentena City https://t.co/D1JH175Xwk",DexMorningstar,Auckland - New Zealand,2020-05-27 22:37:01,0,0.21428571428571427,-36.863,174.865
"â€œNo one saves us but ourselves. No one can and no one may. We ourselves must walk the pathâ€ Buddha.

#wednesdayâ€¦ https://t.co/5Sfbj5mo9z",CQcynthia,Ciudadana del mundo,2020-05-27 22:35:19,0,0.0,,
#satsangsatyaprem #ficaemcasa #stayhome #quedateencasa #quarentine #whoareyou #quemÃ©vocÃª #quienerestu #chiseituâ€¦ https://t.co/SmR2rlIh2u,satyaprem,brazil,2020-05-27 22:27:10,0,0.0,-14.409,-51.317
Couples in #quarentine rn https://t.co/XLLaYMQ9Tv,FinestTik,,2020-05-27 22:14:22,1,0.0,,
"CORE CARDIO TOMORROW 
Abs with TAN&amp;SHAN  at 11am via Toning Definition IG LIVE ... *** Just bring yourself ***â€¦ https://t.co/9xqZ4Gx2Pr",shopTD1,United Kingdom,2020-05-27 22:09:42,0,0.13636363636363635,47.739,12.509
#delivery #quarentine #motorcycleparts #exaust #justtheessentials @ Brazil https://t.co/WYrRPZUeLV,RuanBurdino,,2020-05-27 22:03:46,0,0.0,,
"I went through a #mentalhealth crisis, and I want people to know you aren't alone. Dealing with #depressionâ€¦ https://t.co/igFerszpK7",OG_IndigoG,,2020-05-27 22:00:28,1,0.0,,
Recall when the Greatest Worry/Frustration we all had was Romaine lettuce giving us a tummy ache!? And there was noâ€¦ https://t.co/zIUBcVlaoo,CarguyNC,"Raleigh, NC",2020-05-27 21:58:49,0,1.0,35.844,-78.645
"Like and Subscribe!Funny WSHH Hood Vines and Tiktoks, Funniest Clips of May 2020 #memestar https://t.co/uPfhYKjMsNâ€¦ https://t.co/YU7EKbaH47",XlTik,Internet,2020-05-27 21:02:25,0,0.25,,
"Like and Subscribe!Schizophrenics, What Were The First Signs Of Losing Your Mind? [AskReddit]â€¦ https://t.co/03H0uQAP0s",XlTik,Internet,2020-05-27 21:02:24,0,0.25,,
"Like and Subscribe!Detectives, What Seemingly Normal Case Got Out Of Hand? [AskReddit] https://t.co/KjlocsK4ouâ€¦ https://t.co/B8ZBUpy5OO",XlTik,Internet,2020-05-27 21:02:24,0,0.15,,
"Like and Subscribe!Lawyers, Did You Ever Have A Crazy Case That Turned Out To Be Legit? [AskReddit]â€¦ https://t.co/9tdu5YsY92",XlTik,Internet,2020-05-27 21:02:23,0,-0.6,,
"quarantine summer vibes. ğŸ”¥ğŸŒğŸŒˆ
Â°
Â°
Â°
#quarentine #summervibes #alentejo #feelinggood #thatcolor #likes #photoofthedayâ€¦ https://t.co/Vvn3ZFhgGD",J_Almeida77,Portugal,2020-05-27 20:38:54,3,0.0,37.222,-18.827
Even during #quarentine there is always time to stop by @pinchestacos for their delicious blood orange margaritas!â€¦ https://t.co/JTNJNmDPfi,JessePapa79,"Las Vegas, NV",2020-05-27 20:34:36,0,1.0,36.255,-115.238
"pray for BRASIL ğŸ‡§ğŸ‡· ğŸ™ğŸ¼
#covid19 #quarentine #quarentena #coronavirus",itsabrinapires,,2020-05-27 19:09:48,1,0.0,,
"One thing Iâ€™ve picked up during #Quarentine - I like the @tamronhall Show! There, Iâ€™ve said it! https://t.co/9dzaopTm3Q",BigAlSams,"Sacramento, CA",2020-05-27 18:54:57,2,0.0,38.562,-121.443
"It's funny how I took this screenshot at the start of November, and now half of these don't matter because of quareâ€¦ https://t.co/KbK8asqY1G",IdyllicCos,The Universe,2020-05-27 18:45:47,3,0.04166666666666667,,
"nothing..

#bored #borring #quarentine #quarantinelife #darlandum #izmir #alsancak https://t.co/nwd5Adl7pP",hDundar,"Alsancak, Ä°zmir",2020-05-27 18:25:21,3,-0.5,,
"A little comic about how being creative feels right now 
#comic #webcomic #quarentine #illustration #blackandwhiteâ€¦ https://t.co/fu8zYMo9TX",k_animates,,2020-05-27 17:45:20,18,0.2196428571428571,,
"Just finishing up a session in bed with @vishen â™¥ï¸
Ha don't think that way! 
Just doing my @mindvalley program cosiâ€¦ https://t.co/y6UMbXpWiC",DomingaMusic,"Santiago, Chile",2020-05-27 17:36:46,0,0.0,-33.473,-70.63
@netflix THANK YOU! For this #BingeWorthy #Gem of a #NewSeries #SWEETMAGNOLIAS #GreatCast #GreatChemistryâ€¦ https://t.co/cKNeDVrHDk,JoJo46elmo,"Portland,Or",2020-05-27 17:20:07,0,0.0,45.543,-122.654
"Are you there, Rob, it's me, Jessica #quarentine #quarentinethoughts #robschneider #quarenthoughts https://t.co/3TOQi7tsu0",sean_t_kelly2,"Lenexa, KS",2020-05-27 17:15:23,0,0.0,38.954,-94.807
For love of travelâœˆï¸âœˆï¸ğŸ’™ğŸ’™ Our hotels are gradually opening and in soon we gonna be ready to welcome you ğŸ™ğŸ™ğŸ˜ğŸ˜â€¦ https://t.co/M2qPP1xvcL,renatogabas,"Sao Paulo, Brazil",2020-05-27 17:11:48,0,0.5,-23.682,-46.595
"#Tigray western zone
prepared new #quarentine   centre https://t.co/CxH8IKAHoj",gebregeorgs, tigray Ethiopia,2020-05-27 16:15:16,0,0.06818181818181818,13.57,38.221
"Ready for homework and a little training at home.

#otomi
#Ã±ahÃ±u #hÃ±ahÃ±u
#nativeamerican
#redroad #redskinâ€¦ https://t.co/0UqFBANj0x",MarSandinoLopez,,2020-05-27 16:01:47,0,0.0062500000000000056,,
The #EasterBunny is coming out of #Quarentine folks. Donâ€™t miss out on the #EasterBasket giveaway. This long earedâ€¦ https://t.co/8mGVmwPp5F,WNYHeroes,8205 Main St. Williamsville NY,2020-05-27 15:47:56,3,-0.05,42.962,-78.689
"Found floating off the coast of my last post. Don't get stung. 
11""x14"" acrylic on canvas. 
ğŸŒºğŸŒ´ğŸ¨ğŸğŸ¦ˆğŸğŸ¨ğŸŒ´ğŸŒº
.
.
.â€¦ https://t.co/KSfgxN4lih",legedog,"Wyoming, USA",2020-05-27 15:17:39,0,0.0,43.0,-107.555
"Kill a virus with a virus 

@WHO 

?
#COVID__19 #quarentine #staysafe",ParulDudha18,India,2020-05-27 15:14:12,0,0.0,20.988,82.753
Happiness is .. when cake came out so well ğŸ˜ŠğŸ¥° .. wat is your happiness?? #Happiness #throwback #MyBirthdayâ€¦ https://t.co/PyXSIgP7Ss,swatir_vlogs,,2020-05-27 15:00:58,9,0.6999999999999998,,
Read more about today's topic:  Wired: This Pandemic Is Lonely. But Don't Call Loneliness an â€˜Epidemicâ€™â€¦ https://t.co/JIPcBvSuuy,Plainenglishpod,"Chicago, IL",2020-05-27 14:29:02,1,0.2,41.834,-87.732
"Lockdown with a 2 year old:
Solution 11

#lockdownwithkids #lockdownwitha2yearold 
#quarentine #illustrationâ€¦ https://t.co/6z0x1Kuh3q",benjamindraws,London,2020-05-27 14:25:15,0,0.1,51.529,-0.102
"Thinking about where will be my first gig after #quarentine 

#dj #djing #womandj #femaledj #djane #maritzacorreaâ€¦ https://t.co/leQOmI7KeD",djmaritzacorrea,Medellin - Colombia,2020-05-27 14:16:22,1,0.25,6.269,-75.596
"[#BLACKPINK] BLACKPINK - Kill This Love [#KILLTHISLOVE] - Gab dance.
.
.
#blackpink #kpop #dance #lisa #jisooâ€¦ https://t.co/B20eYt4CG1",BLAXY_,"SÃ£o JosÃ©, Brasil",2020-05-27 14:14:26,1,0.5,-27.586,-48.664
"Happy hump day everyone ğŸ’•â¤ï¸ğŸ™ğŸ½
Feliz quarta-feira meu povo ğŸ™ŒğŸ¾

â€¢
â€¢
â€¢
â€¢
â€¢
â€¢
â€¢
â€¢
â€¢
â€¢
#humpdayvibes #humpdayğŸª #wednesdaâ€¦ https://t.co/4vzVBqTbIt",Elisangelamaho1,"City of London, London",2020-05-27 14:04:40,3,0.8,51.515,-0.093
Iâ€™ve been laughing about this for all of #quarentine. My dear @ellenbakerbooks you are either having the time of yoâ€¦ https://t.co/mHIJqfii5r,HorvathKate,"New York, New York",2020-05-27 13:42:07,0,0.0,40.697,-73.98
Time sure flies when you chasing a bag.... #KingCola #Png #FlipBoyz #Onthetrackboyz #Quarentine #clean #modelâ€¦ https://t.co/O45DQgZi9b,1Kingcola,"BK, LI, NYC, PA, VA, SC, ATL",2020-05-27 13:36:40,1,0.43333333333333335,40.697,-73.98
"Design Home Office ğŸ˜‰ğŸ’»ğŸ“ğŸ–‡ğŸ“.
.
.
.
.
#quarentena #quarentine #design #interiordesign #designdeinteriores #retail #mallâ€¦ https://t.co/Z9JSjBX2vo",anderson_rdb,SÃ£o Paulo- SP,2020-05-27 13:29:41,0,0.0,-23.682,-46.595
Pumped!!!!! @SarahSpain and @The_Heckler Brad are genuinely nice peeps. Virtually meeting them was a highlight ofâ€¦ https://t.co/aFKo2uOMbK,intermikeryanfc,"Kendall, FL",2020-05-27 12:46:05,8,0.6,25.672,-80.347
"Coronavirus Chronicles...express yourself, take a little walk, wear the mask. #besafe #washingtonians #quarentineâ€¦ https://t.co/B7LtlBkcTp",guayilandia,washington dc,2020-05-27 12:13:16,0,-0.1875,38.894,-77.015
"ğ‹ğ¢ğ¯ğ ğ­ğ«ğ®ğ! ğ‹ğ¢ğ¯ğ ğ²ğ¨ğ®! 
.
.
.
ğŸ“¸:- once_more_filmers &amp; teamstubborn
.
.
.
#bestoftheday  #tbt #lifestyle #followï½eâ€¦ https://t.co/KjAAtdZhFA",HereafterMusik,indore,2020-05-27 11:21:41,0,0.5,22.724,75.864
Hate and racial injustice have dominated the national news headlines. Brought tears to our eyes. Take a break withâ€¦ https://t.co/MthM9lL1ip,ReelUrbanNews,"Los Angeles, CA",2020-05-27 11:10:47,2,-0.8,34.02,-118.412
But that hair ğŸ™ƒğŸ˜…ğŸ¤ªğŸ˜œ#quarentine #justrideitout https://t.co/MemJn5a0AQ,nataszashaft,The 856,2020-05-27 10:51:46,1,0.0,,
"Love a good live stream on Twitch!

Relive them all at https://t.co/fPQWIwdsZ1 

#twitch #dj #spotify #playlistâ€¦ https://t.co/hkEcRkSvcy",DjP4rker,"London, UK",2020-05-27 10:46:23,2,0.4454545454545455,51.529,-0.102
"7 Ways To Overcome Loneliness

Click here Â» https://t.co/o2xNNzQJgr

#Coronavirus #quarentine #lonely #depression",icliniq,"Coimbatore, India",2020-05-27 10:45:03,0,-0.09999999999999998,11.012,76.967
"Quarentine Fits: Day 1

I did not bring many clothes home with me before lockdown so I've been playing with the cloâ€¦ https://t.co/KDhxptoRhD",isabel_bush,United Kingdom,2020-05-27 10:29:49,1,0.5,47.739,12.509
Again #EidMubark to all of you guysâ¤ Yesterday I uploaded a new video on my youtube channel. If you want you can châ€¦ https://t.co/FXq4dbhCYg,SuraiaBethee,"Mymensingh, Bangladesh",2020-05-27 10:07:52,3,0.13636363636363635,24.749,90.396
"NO RETURN 
Oil on canvas 
#art #modernart #kunst #twitart #artwit #Denhaag #cultuur #COVID__19 #icantbreatheâ€¦ https://t.co/81tQYXiwcT",snappysna,Amsterdam,2020-05-27 10:05:06,6,0.0,52.355,4.904
At the end of covid19 and quarentine everyone be forgetting how to be social again. I mean am ok with it cause am aâ€¦ https://t.co/Kfz2zWZRqC,HCrahman,,2020-05-27 06:49:45,2,0.07361111111111111,,
"morning all how is everyone? ğŸ˜ŠğŸ˜Šâ €
what everyone doing today? ğŸ˜ŠğŸ˜Šâ €
#motivstionmorning #earlymornings #quarentine â € https://t.co/oDUQpeHoOS",roseheart1995,"England, United Kingdom",2020-05-27 06:00:34,0,0.0,52.838,-2.328
Is it just me or is it getting harder and harder to get drunk at home during #quarentine ?,TheshitIsay_,,2020-05-27 05:18:22,0,-0.2333333333333333,,
"When the only thing drier than your vagina is your phone ...
#quarentine",TheshitIsay_,,2020-05-27 05:17:58,0,0.0,,
"The time to do everything youâ€™ve been putting off for years has come!

https://t.co/GYiMpxpFu6

#brazilâ€¦ https://t.co/2XBJpEEhYd",layane_mds,,2020-05-27 05:08:33,0,0.0,,
#CardiB and #offset  enjoying #quarentine together https://t.co/4hpvWL2paQ,TheNightcapTlj,Imported From Detroit,2020-05-27 04:51:53,0,0.5,,
@blanchebauble @JoeBiden ğŸ‘ğŸ‘ğŸ‘ğŸ‘ğŸ‘you canâ€™t #Quarentine us! We #Mutiny! #GodWins!,compassionKarm1,"Huntington Beach, CA",2020-05-27 04:25:33,0,0.0,33.693,-118.012
"A Day in the office 
.
.
.
.
.
#homeoffice #Mydog #attheofficewithmydog #Stayhome #Besafe #Quarentineâ€¦ https://t.co/ozGNxY9SEz",aworld2c,,2020-05-27 04:10:39,1,0.0,,
Thank you #MichaelTorres for looking after me for #10weeks. I transition back home and already miss you &amp;â€¦ https://t.co/FTTcKPd6gU,kperezascencio,"Austin, TX",2020-05-27 04:08:36,1,0.0,30.308,-97.753
#Proud of my dear Jolie and her classmates for their resilience and perseverance during this school year!  Abundancâ€¦ https://t.co/dOfsuyCpVT,yfranks,"Miami, FL",2020-05-27 02:10:24,0,0.8,25.782,-80.229
"Some sightseeing in Baltimore ğŸ˜
#Pretty #Tourist #Baltimore #Quarentine @ Baltimore, Maryland https://t.co/a6t04tUSf2",Thaakipooh,"Palm Beach Gardens, FL",2020-05-27 02:03:20,0,0.25,26.839,-80.163
Acrylic 3.7x3.7 inch frames #ACRYLIC #WOOD #PAINTING #PAINT #ART #TRIPPY #ABSTRACT #MIXEDMEDIA #POPART #NEWAGEâ€¦ https://t.co/vwVhORXANo,gabrielnunez9,"Hollywood, FL",2020-05-27 01:17:06,0,0.0,26.04,-80.175
Acrylic 3.7x3.7 inch frames #ACRYLIC #WOOD #PAINTING #PAINT #ART #TRIPPY #ABSTRACT #MIXEDMEDIA #POPART #NEWAGEâ€¦ https://t.co/eJ0zbe2yme,gabrielnunez9,"Hollywood, FL",2020-05-27 01:16:49,0,0.0,26.04,-80.175
MOOD #Quarentine https://t.co/J9rBacJIF2,Fernand32835974,,2020-05-27 00:25:59,0,0.0,,
"The Best #RnBMonday in the City is BACK THIS MONDAY June 1st â€¼ï¸ #MoodMondays @sbamnesia ğŸ™

All R&amp;B... ALL NIGHT. Ifâ€¦ https://t.co/oBM9xFZxuj",LynxBDP,"ÃœT: 40.756604,-74.186023",2020-05-27 00:13:52,0,0.5,,
When you're sad because of the #quarentine and you're done with school for a few months you start #mylittlepony from the beginning.,Chaotic48078124,"San Diego, CA",2020-05-27 00:11:10,0,-0.35,32.825,-117.109
"Peanut chicken vermicelli bowl and spring rolls
.
.
.
.
.
.
.
#yummy #ilovecooking #nomnomnom #instagramfood #foodâ€¦ https://t.co/h4QTnvbdOe",JimmyTr31087205,,2020-05-28 23:32:40,1,-0.6,,
"Repeat after me ğŸ˜‚
#lesson1 @gregoriopernia
.
.
#eltiti #gregoriopernia #fanscluboficial #sinsenossÃ­hayparaÃ­soâ€¦ https://t.co/dcWYvM5eXP",GregoPerniaFANS,Internacional / Sede en PerÃº,2020-05-28 23:26:02,0,0.0,,
"@lanebryant if you could make Hipsters with the days of the week on the front, Monday to Sunday on each pair, sellâ€¦ https://t.co/JqRUtZBkwc",jj_vah,,2020-05-28 23:23:34,0,0.0,,
#satsangsatyaprem #ficaemcasa #stayhome #quedateencasa #quarentine #whoareyou #quemÃ©vocÃª #quienerestu #chiseituâ€¦ https://t.co/UTbqm9w761,satyaprem,brazil,2020-05-28 22:57:09,0,0.0,-14.409,-51.317
"â€œThatâ€™s going back in the vaultâ€ ~faith
.
.
.
Weâ€™re talking dating on tomorrowâ€™s NEW episode! Whoâ€™s ready?
.
.
.â€¦ https://t.co/0CBQHDMqAQ",threeblondespod,,2020-05-28 22:46:53,2,0.11212121212121212,,
"Welcome to my quarentine!
.
.
.
#revirandoarotina #ficaemcasağŸ  #quarentine https://t.co/xShPdAtgiP",ADayanaPrado,"Rio de Janeiro, Brasil",2020-05-28 22:45:38,0,0.8,-22.914,-43.446
"I did a draw yourself during quarentine challenge and had a lot of fun with it! 
#drawyourself #myart #quarentineâ€¦ https://t.co/u99t6nukJS",angels_many,,2020-05-28 22:37:47,1,0.3,,
"Today from 7pm, Iâ€™m gonna dig deep into my house crate and see where this rabbit hole goes... Get your drinks readyâ€¦ https://t.co/tjPIS8ZGkj",DJKWES,Canada,2020-05-28 22:30:12,0,0.1,62.657,-95.989
"Lol good times with great ppl barbiemaria1 

#quarentine #quarentinechronicles #fun #jokes #vibes #goodvibesonlyâ€¦ https://t.co/CvQ5kfzDHg",Miz_Breezy,Bahamas,2020-05-28 22:29:09,0,0.6499999999999999,24.086,-76.594
"A few months ago, before the #quarentine I had a thing I called #RivalsMonth were I made 10 designs about #rivals oâ€¦ https://t.co/tztIfnAo4p",siderjacket,"Someday, Somewhere",2020-05-28 21:22:24,0,-0.2,,
"My Neighbors. Turning #TimesSquare into a #Canvas of #artisticopportunity ... 

#newyork #nyc #now #art #streetartâ€¦ https://t.co/l1GOndzLdW",AccessingDaniel,New York City,2020-05-28 21:11:01,0,0.0,40.697,-73.98
"Barb Wired Quarantine Sign Personalized White Cotton Face Mask 
#facemasks #quarentine #barbwire #customâ€¦ https://t.co/B8Y48pPool",Zazzlerette,24 Hour Online Stores,2020-05-28 20:50:30,0,0.0,,
Angry housewife #home #house #housewife #amadecasa #pist #coraje #encabronado #tiktokpuertorico #cuarentenaâ€¦ https://t.co/DScj8iezq4,Raquel_Calero,"Aguadilla, Puerto Rico",2020-05-28 20:39:36,0,-0.5,18.419,-67.154
#Quarentine idk why I fw this picture https://t.co/PyBK3f0pdY,shelovesrelly,"New York, USA",2020-05-28 20:26:27,0,0.0,40.697,-73.98
"#tbt - February 2004 - Black and white promo pictures ğŸ˜‚ğŸ¤£ğŸ˜‚ â¤ï¸ğŸ¤˜ğŸ¤¡ğŸ¦†
. 
...
...
#supportsmallbusiness ğŸ‘‰ğŸ» @skaboxrox .â€¦ https://t.co/PRwGGdWQmW",FlipTheSwitchCA,"Sacramento, CA",2020-05-28 20:02:13,1,-0.08333333333333333,38.562,-121.443
Los Angeles California #Quarentine https://t.co/XWwhLN4jnq,2536luis, California USA ğŸ‡ºğŸ‡¸,2020-05-28 19:52:49,0,0.0,37.269,-119.307
"Coronavirus chronicles... some art for our city in this complicate times, thanks you_are_jah #coronaviruschroniclesâ€¦ https://t.co/jyW5tXzkPc",guayilandia,washington dc,2020-05-28 19:51:57,0,0.2,38.894,-77.015
"The good old day's with all the beautiful people... 

Need to get back to #goodtimes 
#stayhome #staysafeâ€¦ https://t.co/mTUScjQ0Bq",TapasCielo,"Nyali Centre, Nyali, Mombasa",2020-05-28 19:47:03,0,0.4125,,
#art #arte #painting #paintings #charcoaldrawing #charcoal #paint #quarentine #portrait #portraitpaintingâ€¦ https://t.co/lWo763vmI2,de_yimo,,2020-05-28 19:44:08,2,0.0,,
New vlog is up!! #quarentine #graduation We threw a backyard graduation for my brother! ğŸ“ğŸ‰ watch and subscribe!â€¦ https://t.co/wk08g9c7oO,BellesMusic,"Omaha, NE + Nashville TN",2020-05-28 19:21:56,17,0.13636363636363635,41.292,-96.081
Well at least you can go in and hand pick you liquor now. #quarentine,armadreed,,2020-05-28 18:48:42,0,-0.3,,
#pizza #quarentine #getfat #cheflife #food #stayhome #dont #fuck #up #cozinhandoemcasa #pizzanight #ficaemcasa ğŸ•ğŸ•â€¦ https://t.co/6qAsen2xv8,alexxfelixx,canary wharf london,2020-05-28 18:40:30,0,-0.4,51.505,-0.021
This awesome review by Cassandra M's place highlights some of our awesome Mango authors and their work!â€¦ https://t.co/WhCugPVRKL,MangoPublishing,Miami,2020-05-28 18:00:21,2,1.0,25.782,-80.229
Aaaaand been messing with some photography too during this #quarentine !!! Iâ€™m ready to shoot for the front cover oâ€¦ https://t.co/6szYP19zzZ,TheScottWhyte,"los angeles, ca",2020-05-28 17:57:11,1,0.2,34.02,-118.412
"Thursday, may 28th 2020
.
.
.
#Quarentine 76, part III",EurisAngola,"Caracas, Venezuela",2020-05-28 17:49:32,0,0.0,10.468,-66.89
"The time to do everything youâ€™ve been putting off for years has come!

https://t.co/GYiMpxpFu6

#brazilâ€¦ https://t.co/uDBTRV3tfl",layane_mds,,2020-05-28 17:29:43,1,0.0,,
Getting creative....A ponerse creativos #quarentine #cuarentena #skateboardabs #patineta #fitnessmexicoâ€¦ https://t.co/2gzBKfslna,Alma_Herman,Panama City,2020-05-28 16:34:06,0,0.5,30.204,-85.603
"Life is a blank canvas without you !! â™¥ï¸
.
.
.
#life #blank #canvas #colours #inversely #contrasts #paint #pictureâ€¦ https://t.co/9IP8xWFjkn",brotales99,,2020-05-28 16:33:46,0,0.0,,
"Dr. Mueller @ECRI_Org's 3 good things: her #Quarentine adopted cat, her health &amp; the sunshine. 

Dr. McDonaldâ€¦ https://t.co/MWtGcYgCNK",RLDatix,,2020-05-28 16:33:14,1,0.7,,
Inspiring entrepreneurs from the SheBrand community are offering FREE RESOURCES to help you manage during this unceâ€¦ https://t.co/iHv9OKFR6n,SheBrandLiz,Los Angeles,2020-05-28 16:30:37,1,0.45,34.02,-118.412
"SOURCE: https://t.co/MtCuQXQnEVâ 
-â 
#makeadifference #waystohelp #givehelp #supportthecommunity #givebackâ€¦ https://t.co/jelrRNLSLA",SmithCoKW,"High Point, NC",2020-05-28 16:03:46,0,0.0,35.999,-79.984
"Have fun using our new app and fight against the powerful Hexacones!

https://t.co/9tK5N9p5iU

#App #Blobbiesâ€¦ https://t.co/Vq2i3zNadH",Blobbies,,2020-05-28 16:02:02,7,0.24545454545454545,,
The Blobbies' App is now available for IOS (and very soon for Android). Download it NOW to fight against the powerfâ€¦ https://t.co/gF0uf7kW58,Blobbies,,2020-05-28 16:01:13,3,0.30000000000000004,,
The Blobbies' App is now available for IOS (and very soon for Android). Download it NOW to fight against the powerfâ€¦ https://t.co/L55ylvpUiR,Blobbiemundo,United States,2020-05-28 15:42:32,5,0.30000000000000004,45.158,51.855
"Has anyone been have lazy days side lockdown that it has become a everyday mood or is it just me ? ğŸ¤£ğŸ¤£

#lockdownâ€¦ https://t.co/82fRV6heNh",ChloeJournals,,2020-05-28 15:21:48,0,-0.225,,
"Next thing people will he putting on their Instagram bios will be quarantine'20.
.
.
#memesdaily #memes2020 #memerâ€¦ https://t.co/GQSlY12G2d",relatable_bifch,,2020-05-28 14:31:35,2,0.0,,
"I like #MattDamon but I'm glad he's gone! 3 months of puff pieces have taken their toll ğŸ˜…

https://t.co/FIQS7jkUAhâ€¦ https://t.co/vYPaHFasI7",TheWhatDidIMis1,,2020-05-28 13:53:40,0,0.5,,
"NEW BLOG!!
The special digital edition of SPLANK! 2020 is live! Download your free copy and check out all the awesoâ€¦ https://t.co/13CCohf5EX",SaraDunkerton,"Weston-super-Mare, England",2020-05-28 13:19:27,3,0.205974025974026,51.343,-3.005
This article is about us. And about our smallness. About the inconstancy of our certainties in the face of an unimaâ€¦ https://t.co/zeW2UPg1wJ,layane_mds,,2020-05-28 10:35:33,1,0.0,,
"Astronautsâ€™ quarentine as a standard procedure with or without pandemics like COVID-19. 
Social distancing not a stâ€¦ https://t.co/v85WhyHl4L",inestalmeida,"Coimbra, Portugal",2020-05-28 10:10:12,0,0.016666666666666666,40.229,-8.416
When somebody offers me mids #Quarentine #McDonalds #Tubbz #mmj #hittemup #comedy https://t.co/T973CYkOZX,kyledwardshow,"Denver, CO",2020-05-28 10:06:47,0,0.1,39.764,-104.855
"As WE UNITE for FREEDOM, THEY craft race wars to divide us. Don't let them. #WeAllAreGeorgeFloyd
#GeorgeFloydâ€¦ https://t.co/fg1zpl9ul9",Chromedaffodils,,2020-05-28 08:24:16,0,0.0,,
insane pinch. Twitch link in bio. #rl #rlclips #rizzo #rocketleagueclips #rocketleaguemontage #gaming #xbox1â€¦ https://t.co/s1m24lc5Ee,BrandonKronbec1,,2020-05-28 08:17:26,4,-1.0,,
"Bath time with @basinfresh ğŸ›ğŸ¹

#pamperyourself #treatyoself #metime #basin #bath #tub #bathbomb #sake #relaxingâ€¦ https://t.co/tjPGDJyvRf",sugarhottie6,,2020-05-28 08:09:27,0,0.0,,
Skate park reclaimed! #COVID19 #Covid_19 #coronavirus #CoronaUpdate #COVID #StayHome #lockdown #Quarentineâ€¦ https://t.co/VfL9QuDBMY,Chromedaffodils,,2020-05-28 07:51:58,0,0.0,,
"@FreeRadioRevolu
FDA busy during tyranny virus, many public servants infected, please keep your public servants inâ€¦ https://t.co/jMQIweKlJk",Chromedaffodils,,2020-05-28 07:29:44,0,0.15,,
"morning all how is everyone? ğŸ˜ŠğŸ˜Šâ €
what everyone doing today? ğŸ˜ŠğŸ˜Šâ €
#motivstionmorning #earlymornings #quarentine â € https://t.co/dNgbm5mLoN",roseheart1995,"England, United Kingdom",2020-05-28 06:00:24,0,0.0,52.838,-2.328
@hasanminhaj I am one of those people who stocked up #pandemicweed and have been drawing #pandemicducks during quarâ€¦ https://t.co/prx5wnJhwf,jen3taft,"Portland, OR",2020-05-28 05:55:51,0,0.0,45.543,-122.654
It's How Would You Rock It Wednesday with All That &amp; MORE boutique. How Are You Rocking your legging in #quarentineâ€¦ https://t.co/hQcccEivvj,ATMBoutique,Culver City + Online,2020-05-28 05:33:11,0,0.5,,
"Moomin y Snufkin

#70 #RogelioRubio #ToveJansson #moomintroll
#90drawingsays #Crater #Traditional #snufkinâ€¦ https://t.co/2n2oawAAbj",Rog3lioRubio,,2020-05-28 05:03:29,2,0.0,,
This made us stop in smile ğŸ˜Š #thanks #lighten #2020 #quarentine #christmas #lawn #fun #fiveoclocksomewhere https://t.co/bymjuikY8o,DaniSpinello,North Hollywood ,2020-05-28 04:50:05,0,0.26666666666666666,34.192,-118.386
Continued here ğŸ‘‰ğŸ‘‰ğŸ‘‰ around while Iâ€™m taking care of business! Iâ€™m not gone but Iâ€™ll be back before ya know it yâ€™all!â€¦ https://t.co/eKem6bhAo5,The_Stevie_V,Indiana,2020-05-28 03:56:13,3,0.0,39.767,-86.441
"The ones winning in this #Quarentine are the people with huge houses, oh and @JeffBezos pretty sure he would stillâ€¦ https://t.co/GIl5iOYxIN",iizzeegee,,2020-05-28 03:34:45,0,0.41250000000000003,,
"Unbothered ğŸ¤—... 

#bossup #thereal #gmb #gmbdiamond #gmbnutty #thegms #8300 #quarentine #shaderoom #coupleshiyâ€¦ https://t.co/hmMs9WwZCW",gmb_nutty,on da block,2020-05-28 03:06:50,0,0.0,,
"Things we do during #covid19 #quarentine.

Building Lego City Mail Airplane https://t.co/bPWXEz90XR via @YouTubeâ€¦ https://t.co/ZIKovPbsSm",MarieleMartim,Brasil,2020-05-28 02:36:42,0,0.0,-14.409,-51.317
"Trust who?
#stars #space #quarentine #night https://t.co/TPW6yII7Bw",enzoferrua,Peru,2020-05-28 02:21:45,0,0.0,-9.244,-75.02
"The cure is worse than the disease.
#Quarentine
#COVID19argentina",enriquezabala68,"RÃ­o Cuarto, Argentina",2020-05-28 02:08:15,2,-0.4,-33.124,-64.342
All this is simply due to the feeling of uselessness in having â€˜someâ€™ free time now. A fact that before was unthinkâ€¦ https://t.co/9ULxQHzwNg,layane_mds,,2020-05-28 01:27:50,0,0.1375,,
#GeorgeFloydWasMurdered People came out in a pacific protest for #GeorgeFloyd murder and what police did? Shot'em wâ€¦ https://t.co/w7KDOVOBuv,ElDeLosChurros,,2020-05-28 01:12:05,0,0.0,,
One Minute Wednesday: Human Touch #childhoodcancer #selfcare #humantouch #alonetogether #quarentine #scanxietyâ€¦ https://t.co/Rf0H8TzQon,scanxiety,,2020-05-28 00:42:49,0,0.0,,
Behind the End - AWC - 13 #wattpad #actor #after #aftermovie #afterwecollided #annatodd #awc #book #distanceâ€¦ https://t.co/51LgbaijqN,BrancaMV,Mundo,2020-05-28 00:23:47,1,-0.4,,
"ğŸ’Œ...ğŸ¶...ğŸŒ¸...ğŸ•¶...ğŸŒŒ
.
.
.
.
.
.
.
.
.
.
.
.
â™¡will you come back when the spring breeze comes?â™¡ #photo #play_keepsâ€¦ https://t.co/zqvCEQGipQ",VasquezAline,santiago...chile,2020-05-28 00:23:03,0,0.0,-33.473,-70.63
Makinâ€™ @ladygaga Orgullosa!!!! Brothers that dance together...well we did try ğŸ˜… abeortiz #fyp #ladygagaâ€¦ https://t.co/YB6NIPVe46,timidorintintin,"Chicago, IL",2020-05-29 23:40:39,0,0.0,41.834,-87.732
@daz_black was ahead of us all before #Quarentine ğŸ˜‚ğŸ˜‚ #QuarentineLife https://t.co/STk889NImn,MartinBrown99,U.K,2020-05-29 23:36:05,0,-0.16666666666666666,47.739,12.509
"Day 17: The Godfather Part 2.

One of the best sequels ever.

#canada #30dayfilmchallenge #filmchallengeâ€¦ https://t.co/HOaUJLQQ7v",MeganNez,"Toronto, Ontario, Canada ğŸ‡¨ğŸ‡¦",2020-05-29 23:31:00,1,1.0,43.718,-79.378
Anyone else been a nudist in quarantine? ğŸ˜‚ #quarentine #nudist #covid #selfie #naked #tattoos #whoneedsclothes https://t.co/NFcNbACQg2,Chrystal_A1,,2020-05-29 23:28:50,0,0.0,,
#satsangsatyaprem #ficaemcasa #stayhome #quedateencasa #quarentine #whoareyou #quemÃ©vocÃª #quienerestu #chiseituâ€¦ https://t.co/ZDOWFPQST5,satyaprem,brazil,2020-05-29 23:22:55,0,0.0,-14.409,-51.317
"#JustEbony 
Shop Runway Diva Boutique @GodschildEbony 
#quarentine #pants #leopard #bratop 
https://t.co/mumcF8qqsJ https://t.co/FmDC8xnXfO",GodschildEbony,2719 E. 56 ST Indianapolis,2020-05-29 22:57:56,0,0.0,,
"Carry me back home - #bluessaraceno.

#hardrock #carrymebackhome #2017 bluessaraceno #saraceno #guitarra #temaâ€¦ https://t.co/ucNeitLxDV",YayoLippi,,2020-05-29 22:33:49,0,0.0,,
"Summer 2020 ğŸ˜
...is coming â˜€ï¸ 

#relaxtime #summer #galway #churchfields #ireland #quarentine  #photograph @ Salt Hâ€¦ https://t.co/HjBrxG73xz",Rfodra,"Indaiatuba, Brasil",2020-05-29 22:28:12,1,0.0,-23.112,-47.195
"Cozy vibes ğŸ˜Š
.
.
 Dress roseweofficial 
.
#rosewe #girlsquad #girl #boohoo #quarentine #empoweringwomenâ€¦ https://t.co/HwdqyYZaij",Pandaforeva1,"New York, NY",2020-05-29 22:11:56,0,-0.19999999999999998,40.697,-73.98
I wish I could photoshop. I don't have the patience to learn it. #quarentine,PhillySunny,South Philly,2020-05-29 22:05:07,0,0.0,39.915,-75.173
Once upon a time... there was me! ğŸ¤·ğŸ¼â€â™€ï¸ğŸ˜‚ #homesweethome #tiedye #quarentine em Juiz de Fora https://t.co/e1lzljddbv,MajuGollnerD,"Juiz de Fora, Brasil",2020-05-29 20:58:42,0,0.0,-21.729,-43.383
"I literally looked down for a second, looked up again, and 26 minutes had gone by. #quarentine",austin_apple,,2020-05-29 20:47:36,2,-0.07777777777777779,,
"#puzzlenumber18 #spherical3dpuzzle #theglobe #wishicouldtravelnow #quarentine #nyc @ Hell's Kitchen, Manhattan https://t.co/bfLWEvoeTC",ErinLFish,"New York, NY",2020-05-29 20:45:43,1,0.0,40.697,-73.98
"This All Star spent his #quarentine cooking, reading, enjoying read aloud from @HFB4thGrade teacher and zooming witâ€¦ https://t.co/3rSujSuDrg",KainPatty,"Arlington, VA",2020-05-29 20:32:28,6,0.2,38.881,-77.102
Coug is showing how tired I am. I kicked everyone out of bed early today cause Mama is not happy with all the missiâ€¦ https://t.co/FJzqjeCB0T,dotiwilson,"Olympia, WA",2020-05-29 19:26:40,0,-0.23333333333333336,47.039,-122.894
"Friday, may 29th 2020. #Quarentine 77 days, part III",EurisAngola,"Caracas, Venezuela",2020-05-29 18:40:21,1,0.0,10.468,-66.89
Angry #maincharacter #tik_tok #pist #coraje #tiktokpuertorico #encabronado #cuarentena #quarentine #boredinthehouseâ€¦ https://t.co/kEILlpbS1i,Raquel_Calero,"Aguadilla, Puerto Rico",2020-05-29 17:40:17,0,-0.5,18.419,-67.154
I had to get my self right ğŸ’ˆğŸ’¯ #bathroomcut #barber #barbers #nastybarber #nastybarbers #snap #kingâ€¦ https://t.co/FpaEY5c9EU,Nelli_styles_,mass an rhode island ,2020-05-29 17:34:44,0,0.2857142857142857,,
GO... ğŸ˜³ Freddie Mercury is a Live... ğŸ¤¯ #GoodDayGoodMusic ğŸ™ğŸµğŸ§ğŸ€ #marciomixdj #queen #rock #music  #quarentineâ€¦ https://t.co/CmJDBGoWwm,SennoDJs,Porto Alegre,2020-05-29 17:17:44,1,0.13636363636363635,-30.109,-51.177
7 Tips for working from home in Quarantine - https://t.co/KSBtjoLR3s #quarentine #WorkFromHome,Beckyspring,,2020-05-29 16:52:25,0,0.0,,
"More time at home has given me â€œpermissionâ€ to step out of my norm, which is a really good thing. First time to paiâ€¦ https://t.co/hVEZK76cDi",shawnlmarshall,"Louisville, KY",2020-05-29 16:51:48,1,0.48333333333333334,38.189,-85.677
"My quarantine mask. #oni #hanyamask #quarentine #life @ Crown Point, Indiana https://t.co/P1bzyqshBP",MiguelTorresMMA,"East Chicago, IN",2020-05-29 16:24:33,0,0.0,41.651,-87.447
Cue my #weekly #quarentine mental breakdown: where I long to live in #Scotland as #God himself intended and not whaâ€¦ https://t.co/G2lsuuSq1v,THEcak3s,"Pennsylvania, USA",2020-05-29 16:01:45,0,-0.0045454545454545565,41.117,-77.605
Did this mirror challenge and guess what i failed miserablyğŸ¤£ğŸ¤£ #MirrorChallenge #quarentine https://t.co/VkxMfEOym8,SimranRai07,,2020-05-29 16:00:51,0,-0.75,,
What movies would you like to see on future #quarentine virtual #driveintheater #watchparty episodes? Reply with yoâ€¦ https://t.co/UDbitz6B7Z,BlackoutsBox,"New York, NY",2020-05-29 15:52:02,1,0.0,40.697,-73.98
"Iâ€™ve been focusing so much on self-tapes lately, whatâ€™s the first thing I notice when I enter the Wagner Kia servicâ€¦ https://t.co/avtG08KgiB",LinHultgren1,"Massachusetts, USA",2020-05-29 15:32:14,2,0.05000000000000001,42.037,-71.684
"Hey 2020 isn't done with us yetğŸ¥ºğŸ˜«!
.
#socialdistancing #quarentine #coronavirus #covid19 #safe #indiafightscoronaâ€¦ https://t.co/tWbMrdv0OD",AKOI78938782,,2020-05-29 14:44:26,0,0.5,,
Classic Tuna Melt Is the Comeback Sandwich of the Year: Recipe - Bloomberg - https://t.co/e3WKILFWxV #LunchBreakâ€¦ https://t.co/njNZUgYJXa,AileenSNY,NYC,2020-05-29 14:11:15,0,0.16666666666666666,40.697,-73.98
"Soon as da border open up.. I gatta touch bimini kasha121cash ğŸ™ŒğŸ¾ğŸ™ŒğŸ¾ğŸ™ŒğŸ¾ğŸ‘ŒğŸ¾ğŸ‘ŒğŸ¾

#welcometodatropics
#favepartâ€¦ https://t.co/zqa73XHSse",Miz_Breezy,Bahamas,2020-05-29 13:57:35,0,0.0,24.086,-76.594
I seen a lot of couples getting married during the #Quarentine Has anyone checked on them? ğŸ‘€,dmvmomlosingit,,2020-05-29 13:35:37,1,0.25,,
"Good morning. 
____________
#stayhome #quarentine #flowers #flores #instagram #Brazil #Nature #landscap_lovers https://t.co/IXvzpcb4lk",CarmemLeal,Curitiba - ParanÃ¡ - Brasil,2020-05-29 13:10:20,0,0.7,-25.496,-49.287
"the most sincere moments are those captured unawared
drawing in progress
 #Procreate #procreateart #art #loveâ€¦ https://t.co/C1RWJsWr61",andrepintosa,"Lisboa, Portugal",2020-05-29 13:06:32,3,0.5,38.744,-9.16
"It's Friday! Here are some fun ways to spend this weekend with the family. Will you be playing?

#stjamesumcorgâ€¦ https://t.co/tcOWo4RzXO",stjamesumcorg,"Alpharetta, Georgia",2020-05-29 13:02:32,0,0.3,34.074,-84.28
Coronavirus chronicles... happy Friday!!! Some social distance at the park. Fresh air and wear the mask.â€¦ https://t.co/veDX6kFL4b,guayilandia,washington dc,2020-05-29 12:28:45,0,0.37777777777777777,38.894,-77.015
I arrived in season 9 !!! Great day to praise the beauty of this other wonderful woman! #quarentine #csimiamiâ€¦ https://t.co/2BxMVeGi0A,Tatiz,,2020-05-29 12:27:30,0,0.5583333333333333,,
Thanks #quarentine. For making it easier for my sister to treat me like shit,CharlieYdwI,censored,2020-05-29 11:49:24,1,0.0,,
"I'm going to Germany Pepe... ;-) #traficdart_studio
#contemporaryartgallery #acryliccanvas #bikesâ€¦ https://t.co/NGqZ9reSCE",traficdart,spain,2020-05-29 11:09:02,1,0.0,35.674,-6.814
"Severe Acute Respiratory Syndrome (SARS) - Causes, Symptoms, Treatment and Prevention

Click here --&gt;â€¦ https://t.co/0gjnjCnYLC",icliniq,"Coimbatore, India",2020-05-29 10:30:06,0,0.6,11.012,76.967
"Painting by Casey Arguelles Gregory, acrylic on paper 2020

#mlb #quarentine #ContemporaryArt https://t.co/mGm925UfZ4",tgregoryart,"Seattle, Washington ",2020-05-29 06:12:36,2,0.0,47.613,-122.342
"morning all how is everyone? ğŸ˜ŠğŸ˜Šâ €
what everyone doing today? ğŸ˜ŠğŸ˜Šâ €
#motivstionmorning #earlymornings #quarentine â € https://t.co/so21CCVvMI",roseheart1995,"England, United Kingdom",2020-05-29 06:00:30,0,0.0,52.838,-2.328
"Fight your discouraging demons! ğŸ˜¤
#Quarentine #QuarentineLife 

https://t.co/SrWZDUJSxu",LazyMusician10,"Houston, TX",2020-05-29 04:45:47,0,0.0,29.817,-95.401
"Hang in there you guys! 
Don't let #Quarentine push you around! ğŸ˜¤ #QuarentineLife 

https://t.co/LmbayxgJuX",LazyMusician10,"Houston, TX",2020-05-29 04:44:58,0,0.0,29.817,-95.401
"If your working on your GLOW UP during #Quarentine , you got this! ğŸ‘Š
#QuarentineLife 

https://t.co/J2CFovmuO3",LazyMusician10,"Houston, TX",2020-05-29 04:43:24,0,0.0,29.817,-95.401
National Burger Day 2020 in #quarentine https://t.co/X66BahmTE3,Juvie,SO CAL,2020-05-29 04:35:23,0,0.0,34.169,-117.785
"I canâ€™t believe Iâ€™m witnessing the start of the apocalypse. Iâ€™m 16, paranoid of the world, and witnessing horribleâ€¦ https://t.co/ASHXKCrWdp",_Crazy_Cakez_,I watch way too many cartoons.,2020-05-29 04:16:36,5,-1.0,,
Inspiration #rockstar #rock #music #fun #lifestyle #mood #band #guitar #guitarplayer #quarentena #quarentineâ€¦ https://t.co/CrDfxLpSsU,Rocco_Ferreti,,2020-05-29 03:24:29,0,0.3,,
Zoom Quarantine dance party for the kids at The Union Rescue Mission.  Finding ways to do charity work withâ€¦ https://t.co/RyKrbnsvXG,Infamous_duane,California,2020-05-29 03:23:38,1,0.0,37.269,-119.307
"A friend taught me that! Nite nite

#nitenite #quarentine #stayhome #staystrong #keepyourheadup #keepmotivated https://t.co/hDnFZTBQ5c",graciS2ana,Brasil,2020-05-29 03:15:54,0,0.0,-14.409,-51.317
"Everything will be so good so soon just hang in there ğŸŒˆğŸ’›
#stayhealthy #everythingwillbeokay #behero #BeTheChangeâ€¦ https://t.co/I5CxpjT7P5",Hero4H,"Fort Lauderdale, FL",2020-05-29 02:27:39,0,0.7,26.141,-80.146
"Zoom party with this lovely crew â™¥ï¸ğŸ·ğŸ’»

#Quarentine #ZoomParty #LoveThem #WineZoom https://t.co/ujrYTMO2Ye",Deneb_Trevino,"Monterrey, MÃ©xico",2020-05-29 02:20:04,0,0.5,25.649,-100.303
"Oh please, take #PABPOTUS to your site ğŸ‘ğŸ‘ğŸ‘ğŸ‘ #Quarentine all of you whiny self entitled douchebags on one platform..â€¦ https://t.co/5HNXZguNbd",AmyP5280,,2020-05-29 02:03:19,0,0.0,,
Acrylic wacky faces  #ACRYLIC #WOOD #PAINTING #PAINT #ART #TRIPPY #ABSTRACT #MIXEDMEDIA #POPART #NEWAGE #CANASâ€¦ https://t.co/SfsePQ1qPW,gabrielnunez9,"Hollywood, FL",2020-05-29 02:00:30,0,0.5,26.04,-80.175
Acrylic wacky faces  #ACRYLIC #WOOD #PAINTING #PAINT #ART #TRIPPY #ABSTRACT #MIXEDMEDIA #POPART #NEWAGE #CANASâ€¦ https://t.co/kKzh0yEk5n,gabrielnunez9,"Hollywood, FL",2020-05-29 02:00:14,0,0.5,26.04,-80.175
Acrylic wacky faces  #ACRYLIC #WOOD #PAINTING #PAINT #ART #TRIPPY #ABSTRACT #MIXEDMEDIA #POPART #NEWAGE #CANASâ€¦ https://t.co/nyOwIiv0I7,gabrielnunez9,"Hollywood, FL",2020-05-29 02:00:05,0,0.5,26.04,-80.175
Acrylic wacky faces  #ACRYLIC #WOOD #PAINTING #PAINT #ART #TRIPPY #ABSTRACT #MIXEDMEDIA #POPART #NEWAGE #CANASâ€¦ https://t.co/UekD7GW8hL,gabrielnunez9,"Hollywood, FL",2020-05-29 01:59:53,1,0.5,26.04,-80.175
"Sorry guys
#Quarentine https://t.co/S4RTbzyCtL",304Maverick,Good ol West By God ,2020-05-29 01:46:56,0,-0.5,,
"Did some #quarentine #retailtherapy and got a #fishstick and #linewinder 
Going from a 6/7wt to a #4wt is like goinâ€¦ https://t.co/r5HIKV7xT4",mPhilPons,"Washington, USA",2020-05-29 01:40:34,0,0.0,47.273,-120.882
"Coronavirus chronicles... good things are coming, totally!!! Maybe we can not see clear now. #coronaviruschroniclesâ€¦ https://t.co/06qWO1XuId",guayilandia,washington dc,2020-05-29 00:55:11,0,0.26666666666666666,38.894,-77.015
"Tomorrow...

#hometraining #homeworkout #stayhome #quarentine #personaltrainer #ptcatarinaribeiro https://t.co/WBi99KnOFs",CathSanty,,2020-05-29 00:52:05,0,0.0,,
Will any of these teams make the @NFL Playoffs? Tell us why! #NFL #football #sports #quarentine #lockdown2020â€¦ https://t.co/dluIUMplm9,GametimeBlitz,"Austin, TX",2020-05-29 00:45:54,1,0.0,30.308,-97.753
Check out this PSA from our family @djlobo #elmatatan #theheavyhitters #stayhome we will be back thank you ğŸ™ğŸ¾â€¦ https://t.co/thEMHMETWA,MrYdiaz,"New York, USA",2020-05-29 00:02:56,0,0.0,40.697,-73.98
"Last weeks #Quarentine flavor was a flavor created with @blacktapnyc with help from
our collective fans. We posed tâ€¦ https://t.co/Ju0GRnvwGZ",amplehills,"Brooklyn, New York",2020-05-29 00:02:06,1,0.0,40.645,-73.945
"The new happy hour â€¢
â€¢
â€¢
â€¢
â€¢
#queer #lgbt #instagay #lgbtq #happyhour #quarentine #cocktails #corona #gayprideâ€¦ https://t.co/v9gw1RxCoR",ChrisTheJeweler,"Jersey City, NJ",2020-05-30 23:54:22,1,0.4681818181818182,40.715,-74.069
#CiudadFantasma where is the people? #Cuarentena #Quarentine #Mexico #PostalUrbana #PicOfTheDay https://t.co/prYUEQ8Qq8,DonovanEsau,MÃ©xico,2020-05-30 23:41:53,1,0.0,23.554,-102.621
Working ( ok... Doing homework) ğŸ¤¯ #work #school #quarentine #homework https://t.co/H8l2Ce861m,Jimena54588865,,2020-05-30 23:30:33,1,0.5,,
"We must be living in a simulation. 
 
#COVID19
#quarentine 
#2020election 
#GeorgeFloydProtests",joelmichaelg,"Denver, CO",2020-05-30 23:07:53,0,0.0,39.764,-104.855
those who said 2020 was their year... I think itâ€™s safe to say that itâ€™s nobodyâ€™s yearğŸ˜” #2020 #quarentine,BlasseMusic,"The Woodlands, TX",2020-05-30 22:44:49,0,0.5,30.168,-95.524
"Se puder, #FiquemEmCasa ! #quarentena #Quarentine https://t.co/reAlcrFvxo",RODRIGObessa,Brazil ,2020-05-30 22:16:07,0,0.0,-14.409,-51.317
#satsangsatyaprem #ficaemcasa #stayhome #quedateencasa #quarentine #whoareyou #quemÃ©vocÃª #quienerestu #chiseituâ€¦ https://t.co/h6kfd8Sf6H,satyaprem,brazil,2020-05-30 22:12:05,0,0.0,-14.409,-51.317
"This Pandemic is messing up with mental health!

#Social distancing
#Quarentine
#Lockdown",Zimene_Pedro,"Luanda, Cacuaco",2020-05-30 21:48:04,0,-0.03333333333333334,-8.794,13.362
"Another Beautiful windy  ğŸŒ¬ day in enjoy,  peace 2 be safe and stay home for your Family. #covid_19 #stayhomeâ€¦ https://t.co/aWz2rzeZmY",djlizclark,Las Vegas,2020-05-30 21:21:28,0,0.5833333333333334,36.255,-115.238
"I need to finish this song. Can #Corona / #Quarentine just be over alreadyğŸ™„ 

#FeelingUninspired #NeedInspiration",SharaVallee,Anguilla,2020-05-30 21:18:55,1,0.0,18.39,-63.2
I just discovered and then binge watched #mythicquest. #newfavoriteshow The #quarentine episode was brilliant. #desktopfilm at its best.,traceYevidence,"Burnside, Massachusetts, USA",2020-05-30 21:17:27,0,0.95,,
Another Saturday night in! #TrueAmbition #Saturday #Quarentine #covid19 https://t.co/lKmoQtrdWd,TrueAmbition1,sutton coldfield,2020-05-30 20:49:09,0,0.0,52.568,-1.836
This article is about us. And about our smallness. About the inconstancy of our certainties in the face of an unimaâ€¦ https://t.co/EKYxU1y82e,layane_mds,,2020-05-30 20:31:36,0,0.0,,
"#ClimateAction is this yearâ€™s #EarthDay ğŸŒ theme, so we made some postersâ€”creativity doesnâ€™t stop in in the pandemicâ€¦ https://t.co/J1iVVXcMq5",mundology,"New York, NY",2020-05-30 20:11:09,1,0.0,40.697,-73.98
Hello everyone... let's have fun on #quarentine and make extra money cash ğŸ¤‘ğŸ¤‘ğŸ¤‘ğŸ‘‡ğŸ‘‡ğŸ‘‡ğŸ‘‡ğŸ‘‡ğŸ‘‡ğŸ‘‡ https://t.co/OQIX1X4Ctb,RicardoLRodrig2,"SÃ£o Paulo, Brasil",2020-05-30 20:06:08,0,0.15,-23.682,-46.595
sunny saturday with my babies ğŸ»ğŸ» #Quarentine #Quarentena https://t.co/G3aT2buJ1N,Lohanecarnaval,,2020-05-30 18:59:41,0,0.0,,
"I let my niece to use me as canvas lol
#bodypaint #hummingbird #batman #girlstime #playtime #quarentine #ilookgoodâ€¦ https://t.co/ViXVam8HzG",BMagallanesV,"Huntington Beach, CA",2020-05-30 18:28:20,0,0.8,33.693,-118.012
Cool new vibes added to the Lofi by Nite playlist on #Spotify from @melmosound @paletteism @YJKLofficial &amp;â€¦ https://t.co/QNNNIdSeL8,yellajams,London,2020-05-30 18:06:38,17,0.24318181818181817,51.529,-0.102
"@NJSenatePres With a 99% recovery rate, AVERAGE age of death 81 WITH 2-3 underlying conditions...thisâ€¦ https://t.co/qcCcn6EEZy",Audrey57659038,,2020-05-30 17:19:59,7,-0.15,,
"White Diamond on procreate. I got some new ink and watercolor brushes Iâ€™m so excited about. 

#art #procreateâ€¦ https://t.co/a2h1JrSemj",dangerdandilion,Bellingham,2020-05-30 17:03:54,1,0.17045454545454544,48.753,-122.461
"No makeup Look for working from home during the #covidlockdown. Great for your #zoommeeting
https://t.co/ZvKPkhBuhxâ€¦ https://t.co/G6zbivUWX5",CeylonCleo,,2020-05-30 17:01:54,0,0.8,,
@DPJHodges I think the #lockdown  #quarentine and #selfisolate #essentialJourney are all clear. It's not clear whyâ€¦ https://t.co/MyAiKz222w,Alexand83706254,United Kingdom,2020-05-30 16:49:52,1,0.025000000000000005,47.739,12.509
"More mask designs, #swipeleft Cotton face masks #cottonfacemask #cottonmasks #covid19 #nonmedicalmask #quarentineâ€¦ https://t.co/ZlfoZ4q0KR",SeekretD,NYC,2020-05-30 16:27:48,0,0.5,40.697,-73.98
Que Shoulder maravilhoso! Swift Gran Reserva! #churrasco #shoulder #raquete #swift #swiftgranreserva #quarentine emâ€¦ https://t.co/zGuEJ6pZ52,brunobucci,"-23.677852,-46.514693",2020-05-30 16:19:03,0,0.0,,
"Hereâ€™s a little post #quarentine progression video for the month of May ğŸ‘€ğŸ‘€, nothingâ€™s better than some BP in your lâ€¦ https://t.co/kkQyRXri9N",cferara6,"Coral Springs, FL",2020-05-30 15:58:52,5,0.15625,26.27,-80.25
"I'm hard on the outside,But if you give me time
Then I could make time for your love #SourCandy ğŸ’¥  #boystyleâ€¦ https://t.co/NJ8VinSxm7",adolfo_eb,MÃ©xico,2020-05-30 15:46:46,0,0.06944444444444443,23.554,-102.621
"""Sometimes it's better to keep silent than to tell others how you feel because it hurts knowing they can hear you,â€¦ https://t.co/T4HyMWEM2J",Shilpi0921,"Jharkhand, India",2020-05-30 15:45:30,0,0.25,23.651,85.636
"Do you dance with your dog too? 

.
.
.
.
.
#inpiration #stayinghome #positive #selfisolation #quote #determinedâ€¦ https://t.co/LDV82nhMCu",DavalosReal,"Puerto Vallarta, Jalisco",2020-05-30 15:41:36,0,0.22727272727272727,20.641,-105.225
"Saturday video vibes!!
(Link in bio)
.
.
#mtt #mongoosetriplethreat #video #music #musicvideo #quarentine #covidâ€¦ https://t.co/Ixcl8wsiT3",MongooseThreat,"Florida, USA",2020-05-30 15:40:30,1,0.0,27.699,-83.805
"Saturday Night Plans âœ”

#Lovense #SexTech #StayHome #Quarentine #SelfIsolate https://t.co/qfZ8c9rzEU",Lovense,,2020-05-30 15:30:14,38,0.0,,
So itâ€™s safe to say this #Quarentine is over after this past weeks events,Gevmau5,"Wisconsin, USA",2020-05-30 15:14:11,1,0.125,44.901,-89.569
"If #StateGovt decided t get #MigrantLabors back home on plea of #HumanRights, fight #COVID19 Let #Migrants b underâ€¦ https://t.co/3bM0Rxx0DN",MUKTESWARJI,BERHAMPUR-760001-INDIA.,2020-05-30 15:06:12,0,0.0,19.317,84.796
"Saturday, may  30th 2020
#Quarentine 78 days, part III",EurisAngola,"Caracas, Venezuela",2020-05-30 15:02:53,0,0.0,10.468,-66.89
"House Stark Medley - Piano Cover https://t.co/ndIsg1hSIW 
#GameofThrones #HouseofStark #pianist #musicianâ€¦ https://t.co/xxvUSSZH8K",PianoMusicDude,"Rome, GA",2020-05-30 14:38:08,4,-0.2,34.275,-85.196
"House Stark Medley - Piano Cover https://t.co/ndIsg1hSIW via @YouTube If you like Game of Thrones as much as I do,â€¦ https://t.co/kfg3Y39kwu",PianoMusicDude,"Rome, GA",2020-05-30 14:35:16,0,-0.13333333333333336,34.275,-85.196
@dcudupi Should the people entering from Mangalore to Udupi district be in institutional quarantine of 7 days?â€¦ https://t.co/Dsm0D5QH5D,desi_wrestler,"Manipal , Karnataka,  India",2020-05-30 14:22:47,0,0.0,,
"ğŸ’ƒğŸ½: chay.caroline __
ğŸ¶: Say Cheese __
ğŸ™: @kidimusic __
#music #dance #saycheese #kidi #chaycaroline #afrobeatsâ€¦ https://t.co/aiTvB6kTZ3",Akkatv,Paris,2020-05-30 13:42:17,0,0.0,48.859,2.347
Does rioting count as a #Quarentine hobby?,ThePseudoNinja,"Gretna, NE",2020-05-30 13:30:18,2,0.0,41.134,-96.23
"7 Ways To Overcome Loneliness

#Oneminutehealth #Covid19 #quarentine #lockdown #safety #mentalhealth #lonelyâ€¦ https://t.co/xqMLmTEi9a",oneminhealth,,2020-05-30 13:09:08,0,-0.09999999999999998,,
Woke up this morning feeling like its Christmas morning. So excited for nail day. #3months #Quarentine,HollyBrown0720,"New Brunswick, Canada",2020-05-30 12:20:32,0,0.375,46.199,-66.35
"TRIO TOP ğŸ˜
.
.
.
.
#trionike #errejota #saopedrodaaldeia #regiaodoslagos 
#FiqueEmCasa 
#quarentine https://t.co/v4oDQwvM6p",mt_modas,"SÃ£o Pedro da Aldeia, Brasil",2020-05-30 12:17:39,0,0.5,-22.781,-42.139
They say 666 is the number of the beast but Iâ€™m pretty sure is 2020 haha. #coronavirus #covid19 #covid1948 #beastâ€¦ https://t.co/tmp54VcCZk,sugarhoney_0,,2020-05-30 11:00:53,0,0.31666666666666665,,
"Camera in lockdown

#traffic #tollgate #camera #number #vehicle #vizag #india #mobilephotography #indianphotographyâ€¦ https://t.co/Ynu8zFQ8yJ",Lalbahadurnaidu,"Vishakhapatnam, India",2020-05-30 10:19:42,0,0.0,17.739,83.263
I still havenâ€™t learnt the danger of some sweets like Iâ€™ll be like Iâ€™ll just have one and before I know it Iâ€™ve absâ€¦ https://t.co/uFQjqcy9jP,roadmankaren1,"London, England",2020-05-30 09:30:21,0,0.0,51.529,-0.102
"New Episode OUTNOW! 
#dj #producer #twitter #facebook #soundcloud #edm #electronic #music #dance #trance #youtubeâ€¦ https://t.co/QQADeBKlk9",HundexxOfficial,MÃ©xico,2020-05-30 07:51:02,2,0.13636363636363635,23.554,-102.621
anybody else suffering from this #Quarentine insomnia? https://t.co/ETEmeA1Brf,Mecha_bruh,Argentina PAPI ,2020-05-30 07:27:11,0,0.0,,
"I donâ€™t just read for entertainment, I read to learn. I wish more people were open to learning more. #amreading #Quarentine",TeraNKOTBLuvr,California,2020-05-30 06:37:13,0,0.3333333333333333,37.269,-119.307
"Today I got battery acid in my eye while tidying up for a grindr date that no-showed.
I'm being punished for tryingâ€¦ https://t.co/hygkFp1LFu",MikeyTwoKnives,,2020-05-30 06:24:28,1,0.0,,
All this is simply due to the feeling of uselessness in having â€˜someâ€™ free time now. A fact that before was unthinkâ€¦ https://t.co/FseYcy7sbl,layane_mds,,2020-05-30 06:20:01,0,0.1375,,
"So 12 Years ago today I gave Birth to this Kind, Caring, Awesome Young Man Thankyou Riley for making me the mum I aâ€¦ https://t.co/gKGHCtV1Pm",loubear84,west thurrock essex England ,2020-05-30 06:05:48,34,0.5666666666666668,51.487,0.278
Related Instagram tags for #saturday: #stayhome #quarentine #positive #thinking #goodvibesonly #quarentinemood #mexican,tagifyio,"Seattle, WA",2020-05-30 04:47:49,0,0.07575757575757576,47.613,-122.342
"Homemade icecreamğŸ¦ 
#harishkumar #harishkumarphotography #learning #foodphotography #cannonindia #passionâ€¦ https://t.co/gkE5qUaMin",harrishkumark,"Pollachi, India",2020-05-30 04:45:51,0,0.0,,
Rockstar #rockstar #sexy #fun #quarentine #mood #precautions #beachlife #beach #coast #home #songwriterâ€¦ https://t.co/Warnc38Rp3,Rocco_Ferreti,,2020-05-30 04:33:55,0,0.4,,
That's right. Life and things in life are just a matter of perspective ğŸ˜‰ #thinkpositive #stayathome #quarentineâ€¦ https://t.co/SvZcVDM5Oy,mafam,"Santiago, Chile",2020-05-30 04:27:01,0,0.2857142857142857,-33.473,-70.63
picsart mood ğŸ–Œ #quarentine https://t.co/3TJJHQlN90,viedemavie,+55 92,2020-05-30 04:13:24,0,0.0,,
These are the winners of Stop Game. I've played with my Brazilian friends. It's so much fun and yet so simple. Thanâ€¦ https://t.co/kP7BKvoUDB,AdsonEugnio,"SÃ£o Paulo, Brazil",2020-05-30 04:10:07,0,-0.03333333333333335,-23.682,-46.595
Bring back Obama. He can talk to the people. #obama #riots #2020 #quarentine #Covid we need someone to step up before everything burns down.,FieryLeoVirgo,"Rochester ,NY",2020-05-30 04:07:34,0,-0.07777777777777779,43.186,-77.616
"Scholars Claim Jesus Actually Told Lepers 'Stay Home, Save Lives'....

#CCOT
#KAG2020
#WuhanVirus 
#COVID19â€¦ https://t.co/WROOKZj6iL",Jesus_isPeace,"Missouri, USA",2020-05-30 04:00:13,0,0.0,38.305,-92.437
"Failure is an Orphan where Sucess has many fathers/relatives.â˜®ï¸ğŸµğŸ’œ

#motivation #dailyquote #quarentine #sucess  #joys #today #new #aÃ¦a12",noeez79,,2020-05-30 03:20:21,1,0.10656565656565654,,
Me and @cullen_foxxx having a super cute #Quarentine #date night!!! Just trying to feel #human again! Happy birthdaâ€¦ https://t.co/ViHSEgxVYA,BlondeGravie,"Texas, USA",2020-05-30 02:43:09,0,0.4083333333333333,31.169,-100.077
Mean while In #california driver takes matters into their own hands.  Protesters STAY OFF ROADS AND GO BACK TOâ€¦ https://t.co/wYjH3EIj9p,Shield1631,United States,2020-05-30 02:36:48,8,0.09583333333333333,45.158,51.855
The Bobfather Bob Arum is bringing boxing back ğŸ¥Š ğŸ˜ #boxing #boxeo #box #fights #knockout #bobarum #toprank #espnâ€¦ https://t.co/fJEDG7CPRq,lunatoonboxing,,2020-05-30 02:22:05,6,0.0,,
"That again, Wolfgang... #Quarentine https://t.co/mdX4KItxAm",SolorioLyla,,2020-05-30 02:21:59,0,0.0,,
"Almost forgot, weeks ago I received the #AnimalCrossingNewHorizons 
By the way, I want to thank to @amazonmex for sâ€¦ https://t.co/jL08lgVEse",thatguyischuck,,2020-05-30 00:59:17,0,0.0,,
"Coronavirus chronicles... itâ€™s ok to have a bad day, itâ€™s reality, itâ€™s ok to cry, itâ€™s ok to feel like everythingâ€¦ https://t.co/S0aX9QH3vC",guayilandia,washington dc,2020-05-30 00:25:35,0,0.20000000000000004,38.894,-77.015
Another couple angles. I need to work on my poses though. â€¢ #gunplabuilder #gunpla #modelkits #quarentineâ€¦ https://t.co/C68woZ4s1u,ItsKnowOne,LA | Bay Area,2020-05-30 00:11:33,0,0.0,37.879,-122.42
"Cheese on your???? ... HELL YEAH!!! ğŸ·ğŸ·ğŸ·ğŸ·ğŸ·ğŸ·ğŸ·ğŸ·ğŸ·ğŸ·ğŸ·

ğŸ·
...
.... #nocaptionneeded ğŸ¤¤ğŸ¤¤ğŸ¤¤
.
..
...
....
.....
....... ......â€¦ https://t.co/JyZvx9IKvn",djprez1,Los Angeles - Laker Town,2020-05-31 23:41:49,0,0.0,,
Come join me on my first playthrough of The Last Of Us. i know im a little late to the party but I'm excited to hopâ€¦ https://t.co/MPeho7h1AW,LiveWithWinter,"My own little world, USA",2020-05-31 23:00:04,1,0.027500000000000004,,
Two more today. @hburgess7997 â¤ï¸â™¥ï¸ğŸ˜ğŸ˜ Love how these turned out!! #handmade #quarentine #teachertwitter https://t.co/Lp8TyVWJCb,mrsLahayne2nd,,2020-05-31 22:53:59,4,0.5,,
My bestie and me on Fiji #quarentine #AnimalCrossing #ACNH #NintendoSwitch https://t.co/mxo3fZ863A,ladymintytv,"Hawaii, USA",2020-05-31 22:42:50,1,0.0,23.691,-166.6
"Quarentine moment in Buenos Aires... Argentina...where's everybody?

#anonymus #coronavirus #Knock #QuarentineLifeâ€¦ https://t.co/BMtIcY70dW",pablolarosaxo,Ciudad de Buenos Aires,2020-05-31 21:32:16,7,0.0,-34.616,-58.433
"So, I changed my hair again ğŸ˜‚ğŸ˜‚ I really cant stop with this ğŸŒğŸ’œ #hairstyle #haircolor #asiangirl #quarentine https://t.co/I3HUHd9ycv",KuzuokaMiyuki,"SÃ£o Paulo, Brasil",2020-05-31 21:21:22,3,0.2,-23.682,-46.595
Sunday Vibes #quarentine https://t.co/74RU5MvUzR,angelmiorinni,,2020-05-31 20:40:45,1,0.0,,
This article is about us. And about our smallness. About the inconstancy of our certainties in the face of an unimaâ€¦ https://t.co/Bap5yUNXiC,layane_mds,,2020-05-31 20:38:47,0,0.0,,
"What   else? 
.
.
.
#yomequedoencasa #quedateencasa #quarentine #quarentinemood 
 #igersbsas #igers_bsasâ€¦ https://t.co/cbS3RXnPE5",cecilgadea,,2020-05-31 19:49:16,0,0.0,,
"No more threats, insults and provocations from #Bolsonaro and his fanatics!

The #quarentine has been respected witâ€¦ https://t.co/NLkArgfD7u",vinisartorato,"SÃ£o Paulo, Brasilien",2020-05-31 19:02:34,1,-0.25,-23.682,-46.595
Great day to sit in the sunshine with my little friend #pugslife #pugs #quarentine #stayhealthy https://t.co/EoaMNZIPLo,Della_Springer,,2020-05-31 18:20:29,2,0.30625,,
"ğŸ”‡The sound of silence ğŸ”‡
.
#2020 #quarentine #depresion #makeup #darkmakeup https://t.co/HJIANuDV4b",GrammKatryna,,2020-05-31 18:15:05,0,0.4,,
#Argentina #cuarentena #Quarentine listening @FoxPhatsimo at the world famous #Sunday #Soccer Show in #Botswanaâ€¦ https://t.co/t3BPPMWJC3,rolozapata,"New York, USA",2020-05-31 17:26:45,7,0.5,40.697,-73.98
I think @PhilMickelson would be proud of how I've spent my quarentine with this 2 year old lefty!!! So proud of myâ€¦ https://t.co/zWkeA8JpoK,Greggd09,"Springfield, MO",2020-05-31 17:04:00,0,0.4,37.179,-93.296
The soundtrack to my #quarentine has been @therealpackad making a perfect back drop when reading @MargaretAtwood thâ€¦ https://t.co/Xv0fZ0ypyk,HamiltonIam,"Brampton, Ontario, Canada",2020-05-31 16:57:07,3,0.5,43.725,-79.76
So many ways to say I miss you. #Lockdown #Quarentine #SendSmileZ #MissYou https://t.co/sZP5WalQNP,SmileZcards,,2020-05-31 16:35:02,1,0.5,,
One of the gifts from #quarentine2020 is this :) Brought me back to the passion my mom had all her life and gave meâ€¦ https://t.co/P5Hy6PpEox,koma11sen,Tokyo-Vancouver-Guadalajara,2020-05-31 16:23:27,0,0.0,35.668,139.741
"After many days I came in contact with nature...

#panorama #lovelyweather 
#weather #summersday #photoshootâ€¦ https://t.co/yzOMg2g1AW",SankhanilDhara,"West Bengal, India",2020-05-31 16:18:18,3,0.5,24.373,87.85
"Are you all dressed up but with nowhere to go?
Are your tears falling down when the lights are low? 

#quarentine #niallhoran",hufflenucci,"SÃ£o Paulo, Brasil",2020-05-31 15:57:04,0,-0.07777777777777779,-23.682,-46.595
"Ignoring the quarentine hair....I'm really loving this look
#makeup #fire #glow #quarentine #lip https://t.co/hxfWWhAjyT",Cherylyn80,"Houston, TX",2020-05-31 15:45:27,0,0.6,29.817,-95.401
"More than 2 months in #Quarentine.
We still have food on our tables.
No one sick in the family..!!
#ThankYouAllahâ£ï¸
ğŸ‘ğŸ‘ğŸ‘ğŸ‘ğŸ‘
#SG_Quraishi",sg_quraishi,"Jaipur, India",2020-05-31 15:35:40,1,-0.10714285714285715,26.885,75.791
"The time to do everything youâ€™ve been putting off for years has come!

https://t.co/GYiMpxpFu6

#brazilâ€¦ https://t.co/6mQYwiokPR",layane_mds,,2020-05-31 14:59:23,1,0.0,,
"#Karnataka Government has eased the #Quarentine rules, no #Institutionalquarentine required for interstate travelleâ€¦ https://t.co/9RLAsQHBCk",NewsRaghav,Bangalore,2020-05-31 14:56:17,24,0.0,12.954,77.631
"Indulgence!!!! Junk food is always satisfying!!!!! 

Presenting..

In the picture - Burger, fries and cheese popperâ€¦ https://t.co/rG3jTPAvck",Rachna9291,"Mumbai, India",2020-05-31 14:52:01,1,0.5,19.082,72.881
"Sunday vibe, feeling like it is monday or any other day of the week. It all looks the same still.
#quarentine",gabecoelho_,"Sao Paulo, Brazil",2020-05-31 14:26:16,0,-0.0625,-23.682,-46.595
Next book in the series of lockdown reading! #lockdown #quarentine #book #read #talent #development https://t.co/mCQa17uVPl,georgezyzzcook,,2020-05-31 06:43:48,3,0.0,,
All this is simply due to the feeling of uselessness in having â€˜someâ€™ free time now. A fact that before was unthinkâ€¦ https://t.co/CBMWBubvMQ,layane_mds,,2020-05-31 06:30:43,0,0.1375,,
"Morning all how is everyone? ğŸ˜ŠğŸ˜Šâ €
what everyone doing today? ğŸ˜ŠğŸ˜Šâ €
#motivstionmorning #earlymornings #quarentine â € https://t.co/1gQnpFOZMZ",roseheart1995,"England, United Kingdom",2020-05-31 06:00:32,0,0.0,52.838,-2.328
"We speak in different voices
When fighting with the ones we've loved
We speak in different voices
Why can't we sayâ€¦ https://t.co/2NFSxOcyjS",Dino44_,Jurassic Park,2020-05-31 05:38:25,1,0.2333333333333333,,
Nepal is operating #COVID19 factory in #Quarentine. Worst and useless quarentine in the world. Shame on you authorities.,hyRohini,"Sydney, Australia",2020-05-31 05:31:27,9,-0.75,-33.848,150.932
Painting Acrylic wacky faces  #ACRYLIC #WOOD #PAINTING #PAINT #ART #TRIPPY #ABSTRACT #MIXEDMEDIA #POPART #NEWAGEâ€¦ https://t.co/mC514jItsb,gabrielnunez9,"Hollywood, FL",2020-05-31 04:35:35,1,0.5,26.04,-80.175
Painting Acrylic wacky faces  #ACRYLIC #WOOD #PAINTING #PAINT #ART #TRIPPY #ABSTRACT #MIXEDMEDIA #POPART #NEWAGEâ€¦ https://t.co/10s8k69cZk,gabrielnunez9,"Hollywood, FL",2020-05-31 04:34:31,3,0.5,26.04,-80.175
Painting Acrylic wacky faces  #ACRYLIC #WOOD #PAINTING #PAINT #ART #TRIPPY #ABSTRACT #MIXEDMEDIA #POPART #NEWAGEâ€¦ https://t.co/vSu9jKNwUI,gabrielnunez9,"Hollywood, FL",2020-05-31 04:34:24,2,0.5,26.04,-80.175
"@YogaWorks ğŸ˜€""Happiness never ceases to be shared.â€ğŸŒ¸
When #Quarentine #StayHome started, my first iniciative of #Zenâ€¦ https://t.co/wg1vzA0xiP",AngelMorsi,"Rio de Janeiro, Brasil",2020-05-31 04:07:39,10,0.475,-22.914,-43.446
"Weekend Nights are all about either binge watching or board games...
This time we chose Scrabble....
.
.â€¦ https://t.co/ICS7lWIJHw",anchalmalikk,"Ahmadabad City, India",2020-05-31 02:36:57,1,0.0,23.02,72.579
"Bored at School again Zim? 

#invaderzim #quarentine #invaderzim #animation #digitalart #art #sketch #artistâ€¦ https://t.co/gbqukbC1V0",bluethejurassi1,Halloween,2020-05-31 02:35:31,2,-0.5,,
"Day 18: Knives Out.

 #canada #30dayfilmchallenge #filmchallenge #gettoknowme #gettoknowmechallenge #movies #gtaâ€¦ https://t.co/UmdLBQnIss",MeganNez,"Toronto, Ontario, Canada ğŸ‡¨ğŸ‡¦",2020-05-31 02:32:28,0,0.0,43.718,-79.378
salve ğŸ˜¬ #quarentine https://t.co/ILYttz28Zq,gicebolax,AsterÃ³ide B-612,2020-05-31 02:03:42,22,0.0,,
"Day 78: Finally got this kid out of the house for a hike. He lasted about 17 minutes, but at least we left the housâ€¦ https://t.co/ImihwQrVOV",TheRusticRose,"Telford, PA",2020-05-31 01:52:28,1,-0.09999999999999999,40.326,-75.328
Time to Breathe!!!... #richinoisinla #longbeach #familytime #littlepauseforthecause #pandemictimes #quarentine @ Loâ€¦ https://t.co/KlgWW8myXs,ricardonino1,Aqui y alla!,2020-05-31 01:04:20,0,0.0,,
"ayo stream I'm going off for the night join the stream tomorrow for a laugh
-Scvtty_
 https://t.co/i7zfAnq5i2â€¦ https://t.co/3saLqyM2w3",NotScvtty_,,2020-05-31 00:13:22,3,0.3,,
"Insight information from these papers to understand how consumers are reacting to this pandemic.

""Top 6 trends shaâ€¦ https://t.co/hTvR1if8as",sisSoftware,"New York, USA",2020-06-01 23:58:50,0,0.5,40.697,-73.98
Need something fun to do while your stuck at home? Sick of your wardrobe? Check out uptown cheapskate but donâ€™t forâ€¦ https://t.co/4wAXWvADry,SocialNN_Utah,"Salt Lake City, UT",2020-06-01 23:57:57,1,-0.20714285714285716,40.777,-111.92
"Radius Authorial Superhero, coming soon... #radius #authorial #comics #superheroes #marvel #marvelcomics #dccomicsâ€¦ https://t.co/Q9ZRgyaX5K",radius_hero,"MarÃ­lia, Brasil",2020-06-01 23:56:22,0,0.0,-22.187,-49.959
Lol he Cut his own hair he did a #quarentine hair cut honestly he did a better job then some of you barbers no capâ€¦ https://t.co/DEGCdxQHFC,PureMoneyKRose,"Washington, USA",2020-06-01 23:33:36,0,0.625,47.273,-120.882
people forgot all about the corona virus because of anonymous. #anonymus #coronavirus #quarentine,heybitchq,,2020-06-01 23:25:28,3,0.0,,
#Oregon #quarentine got you feeling landlocked while thinking about #divorce or in the midst of one. Here's an artiâ€¦ https://t.co/BiYI3JyBRl,TanzoshfamilyLw,"Portland, OR",2020-06-01 23:18:03,0,0.0,45.543,-122.654
"Just posted my first video in English on my YouTube channel, vlog on how I am spending my time during quarantine! Hâ€¦ https://t.co/DYOUk4zHyh",williamwahib,"Sao Paulo, Brazil",2020-06-01 23:11:13,1,0.125,-23.682,-46.595
This is what #Quarentine #moving looks like when I have to fucking drive across the US by myself https://t.co/1T0zlXqhsj,the_miley_virus,"Cape Girardeau, MO",2020-06-01 22:13:26,0,-0.6,37.304,-89.556
#satsangsatyaprem #ficaemcasa #stayhome #quedateencasa #quarentine #whoareyou #quemÃ©vocÃª #quienerestu #chiseituâ€¦ https://t.co/nzqS9vB6zQ,satyaprem,brazil,2020-06-01 22:09:51,0,0.0,-14.409,-51.317
"this covid shit really got society hittin the quan 
#StayAtHome #quarentine #grad",UntapGang,,2020-06-01 22:07:40,1,0.0,,
A purse #ACRYLIC #WOOD #PAINTING #PAINT #ART #TRIPPY #ABSTRACT #MIXEDMEDIA #POPART #NEWAGE #CANAS #GALLERYâ€¦ https://t.co/3zrMArdvgh,gabrielnunez9,"Hollywood, FL",2020-06-01 21:54:19,1,0.0,26.04,-80.175
This article is about us. And about our smallness. About the inconstancy of our certainties in the face of an unimaâ€¦ https://t.co/UZMg3Zr6KQ,layane_mds,,2020-06-01 20:39:34,0,0.0,,
"Me and all my babies. I have missed them SO MUCH!!!!! 

#Covidsucks #QuarantineLife #Quarentine https://t.co/iJcXqYeFGy",Philinda_AoS,"Bristol, Tennessee",2020-06-01 20:22:24,13,0.2,36.532,-82.209
June 1st; 3rd time in the pool already for this girl; pool temp today is 22C #coronaswimming #quarentineâ€¦ https://t.co/tB2nQmEhGc,randal_property,Regina SK,2020-06-01 19:58:43,0,0.0,50.459,-104.635
The plant #doÃ±itadesucasa #stayathome #quarentine #theplant https://t.co/iWy9oVBo17,cecyaudio610,,2020-06-01 19:31:46,0,0.0,,
13 has major #anxiety Last night was bad. Started pre #COVID19 but this new reality is amplifying it. He needs normâ€¦ https://t.co/BeDi8hBs59,NegeenPapehn,"Agoura Hills, CA",2020-06-01 19:23:37,9,-0.12528409090909087,34.147,-118.76
"No can say no to cheeseeeeeeeeee!!!

Presenting..

In the picture - Fondue, spring roll, potato pops and vegetableâ€¦ https://t.co/ERl6Ew0opj",Rachna9291,"Mumbai, India",2020-06-01 18:23:29,1,0.0,19.082,72.881
"Don't Feel Upset! leaving your keys untouched. 
#MissingLongDrives #Stayhome #staysafe #Quarentine #covid-19â€¦ https://t.co/hjRJvI2Byf",miscellaneblogs,Noida India,2020-06-01 18:19:54,1,0.0,28.517,77.398
My #heart  â¤ï¸ this is to much!!!!! @blklivesmatter  #peaceful #love #world #music #djlizclark #covid_19 #stayhomeâ€¦ https://t.co/uowzVaHFxW,djlizclark,Las Vegas,2020-06-01 18:06:52,2,0.375,36.255,-115.238
"https://t.co/GexvDrOMCx
Respect teachers ğŸ™
Because u r able to read this only Because of them â¤ï¸
#teacher #classâ€¦ https://t.co/Pgp3Kz8LTd",imAK019,kanjirappally,2020-06-01 17:51:59,1,0.25,9.556,76.787
"Well for him #breastfeeding #protein itâ€™s giving him #gains #gainz 
Iâ€™m just gonna say this 
NOW itâ€™s when you needâ€¦ https://t.co/0z51fle3bE",StefanoRomanG,"Lake Worth, FL",2020-06-01 17:05:04,0,0.0,26.62,-80.059
ORDER NOW AND GET A JDBUNDLES DISCOUNT CARD FOR 15%  OFF YOUR NEXT PURCHASE ğŸ¥³ğŸ¤ªğŸ’³ The Number To Order Is 347-553-8837â€¦ https://t.co/5EDHfVgmi1,jdbundles,,2020-06-01 16:58:54,0,0.0,,
"Happy Monday!! Wishing you all a great week ahead â˜•
#leanercreamer #goodmorning #morning #monday #getup #wakingupâ€¦ https://t.co/5sy4WyC815",LeanerCreamer,,2020-06-01 16:00:56,0,0.8,,
"ARE YOU IN THAT MOOD YETâ‰ï¸
ãƒ»ãƒ»ãƒ»
The Best  #RnB Party in the City is BACK TONIGHTâ€¼ï¸ #MoodMondays @sbamnesia ğŸ™

All R&amp;â€¦ https://t.co/rze1u3H8EG",LynxBDP,"ÃœT: 40.756604,-74.186023",2020-06-01 15:35:26,0,0.5,,
"The time to do everything youâ€™ve been putting off for years has come!

https://t.co/GYiMpxpFu6

#brazilâ€¦ https://t.co/TsK2xVpOLt",layane_mds,,2020-06-01 14:59:45,0,0.0,,
"Covid-19 Prevention Tips

Ask a Doctor Now Â» https://t.co/KzJaXPULPn

#Coronavirus #virus #covid19 #queriesâ€¦ https://t.co/P61QY6liPs",icliniq,"Coimbatore, India",2020-06-01 14:29:40,0,0.0,11.012,76.967
"The painting has begun. Yes, I did this myself. #artistic #quarentine #artisticquarantine https://t.co/waa9fpzOhS",VolleyballEllie,"Philadelphia, PA",2020-06-01 13:58:32,0,0.3333333333333333,40.002,-75.118
"The painting has begun. Yes, I did this myself. #artistic #quarentine #artisticQuarantine https://t.co/EdVYpJrR2R",happydianalove,Gotham,2020-06-01 13:58:13,5,0.3333333333333333,,
"With or without? ğŸŒŠğŸš
â €
#selfie #old #summer #quarentine #2020 https://t.co/gEV7EBDKEW",Shai_Rabbani,South Coast of England ğŸ‡¬ğŸ‡§,2020-06-01 13:53:06,0,0.1,52.838,-2.328
"Home Cooking..,first try failed
.
.
.
#stayathome #homecooking
#quarentine #quedateencasa #truecooks #gastroartâ€¦ https://t.co/YbxIeDNvgs",ChefMSalinas,Miami,2020-06-01 13:50:40,2,-0.125,25.782,-80.229
"ãƒ»ãƒ»ãƒ»
The Best  #RnB Party in the City is BACK TONIGHTâ€¼ï¸ #MoodMondays @sbamnesia ğŸ™

All R&amp;B... ALL NIGHT. If You Missâ€¦ https://t.co/Ghqxh8Qw5B",LynxBDP,"ÃœT: 40.756604,-74.186023",2020-06-01 13:41:03,0,0.5,,
#einerbankz x #staysolidrocky with party girlğŸ”¥ğŸ”¥ #Trending #rap #QuarantineLife #quarentine #music https://t.co/paHsOyFFx7,raplug2020,,2020-06-01 13:19:57,5,0.0,,
"postcard to those who are selected for the collection. Sharing is welcome 
#illustration #coronavirus #pandemicâ€¦ https://t.co/kpjbOZlRoB",saki220,æ—¥æœ¬ æ±äº¬,2020-06-01 09:29:21,0,0.8,35.668,139.741
"[ COVID-19 quarentine selfie] 
#joseconceptes #vinarÃ²s #creative #creativity #portrait #quarentena #cuarentenaâ€¦ https://t.co/8BbxzZ6fVR",Conceptes,VinarÃ²s,2020-06-01 09:19:04,0,0.5,40.47,0.467
"Waking up (late) early for online class, at least i woke upğŸ˜…ğŸ˜‚.#quarentine
#stayathome #onlineclass...",LeobasNicolly,,2020-06-01 09:01:51,0,-0.16666666666666666,,
All this is simply due to the feeling of uselessness in having â€˜someâ€™ free time now. A fact that before was unthinkâ€¦ https://t.co/LZ8YrFI9oX,layane_mds,,2020-06-01 06:40:10,0,0.1375,,
"morning all how is everyone? ğŸ˜ŠğŸ˜Šâ €
what everyone doing today? ğŸ˜ŠğŸ˜Šâ €
#motivstionmorning #earlymornings #quarentine â € https://t.co/KcgbUWHxi0",roseheart1995,"England, United Kingdom",2020-06-01 06:00:14,0,0.0,52.838,-2.328
"Next episode (5th) Live #GoodDayGoodMusic Tribute : MADONNA queen pop of the DJs...
 Tomorrow 02june ğŸ™ğŸµğŸ§ğŸ€â€¦ https://t.co/ashIvB9Emd",SennoDJs,Porto Alegre,2020-06-01 05:13:53,1,0.06818181818181818,-30.109,-51.177
"Bored during the #quarentine ?! We have so many amazing reads posted on my website https://t.co/7A4JWLjV4b
â–ªWe haveâ€¦ https://t.co/VH7aiXGYjk",BeautiesGalaxy,"New York, USA",2020-06-01 05:12:45,1,0.20000000000000004,40.697,-73.98
"@RealJamesWoods What about the shitload of idiots that protested #quarentine ? 105,000 dead now.",darrendempsey73,Hespeler Ontario Canada ,2020-06-01 03:31:44,0,-0.5,43.424,-80.3
They wanted #MartialLaw the whole time. They thought the #quarentine would make us rebel but we didnâ€™t fold. They uâ€¦ https://t.co/hhwmu2Ug7d,brip714,"Anaheim, CA",2020-06-01 03:29:28,5,0.2,33.834,-117.845
Whatâ€™s a girl gotta do to get some followers around here? #follow #anime #naruto #ONEPIECEè€ƒå¯Ÿ #hunterhunter #girlâ€¦ https://t.co/0MBAhRSLCV,TRainb0w,,2020-06-01 02:26:21,4,0.0,,
"Whoâ€™s ready to blow in the summer wind??
.
.
.
.
.
#conradsconcessions #bergencountynj #alcohol #bbq #giftideasâ€¦ https://t.co/Mdpj4yyjKN",ConsConcessions,"Bergen County, NJ",2020-06-01 01:57:09,0,0.2,40.948,-74.083
"Day 19: BeetleJuice. I love Tim Burton movies and this one is nostalgia overload ğŸ¥°

#canada #30dayfilmchallengeâ€¦ https://t.co/lITu7cz50X",MeganNez,"Toronto, Ontario, Canada ğŸ‡¨ğŸ‡¦",2020-06-01 01:55:31,0,0.5,43.718,-79.378
"I miss the days I could cut these haircuts. 
.
.
.
.
#pomeranians #pomeraniansofinstagram #haircuts #oaklandstylistâ€¦ https://t.co/BODkB1JetO",sakurajulie,,2020-06-01 01:47:57,0,0.0,,
"ğ“¨ğ“¸ğ“¾ ğ“¬ğ“ªğ“»ğ“»ğ”‚ ğ“¼ğ“¸ ğ“¶ğ“¾ğ“¬ğ“± ğ“µğ“¸ğ“¿ğ“® ğ“²ğ“· ğ”‚ğ“¸ğ“¾ğ“» ğ“±ğ“®ğ“ªğ“»ğ“½... ğ“–ğ“²ğ“¿ğ“® ğ“¼ğ“¸ğ“¶ğ“® ğ“½ğ“¸ ğ”‚ğ“¸ğ“¾ğ“»ğ“¼ğ“®ğ“µğ“¯ â¤ï¸
.
.
.
#Me #Myself #I #Love #SundayFundayâ€¦ https://t.co/WwrWf4fN8H",Effatthyma_,"Monterrey, MÃ©xico",2020-06-01 01:32:14,0,0.5,25.649,-100.303
Day 77. #coronahomea . #dnd #sunday #travel #charlieutravels #charlieudoesnttravel #filter #macro #macrophotographyâ€¦ https://t.co/MGFIhoq8nR,CharlieUTravels,New York,2020-06-01 00:32:45,0,0.0,40.697,-73.98
2020 needs to pick a fâ€™n struggle! #corona #quarentine #confirmedAliens #murderhornets #riots,suezilla1,Fishtown/Port Richmond/Shoobee,2020-06-01 00:08:55,0,0.0,39.972,-75.129
